2584120480, IBI
15.422581,0.640654
30.720156,0.718783
33.470282,0.484397
33.970305,0.500023
34.439076,0.468771
34.954725,0.515649
35.423496,0.468771
35.923519,0.500023
36.329788,0.406269
36.845437,0.515649
37.329834,0.484397
37.829857,0.500023
40.18934,0.500023
40.658111,0.468771
41.095631,0.43752
41.548777,0.453146
42.033174,0.484397
42.501945,0.468771
42.908214,0.406269
43.423863,0.515649
43.90826,0.484397
44.392657,0.484397
44.877054,0.484397
45.377077,0.500023
45.814597,0.43752
46.252117,0.43752
46.736514,0.484397
47.127157,0.390643
47.502174,0.375017
47.95532,0.453146
48.470969,0.515649
48.845986,0.375017
49.236629,0.390643
49.7054,0.468771
50.205423,0.500023
50.611692,0.406269
51.158592,0.5469
51.721117,0.562526
58.549555,0.531274
77.659805,0.421894
117.145987,0.515649
181.43018,0.468771
181.805197,0.375017
182.211466,0.406269
200.571681,0.390643
201.071704,0.500023
201.587353,0.515649
203.71245,0.390643
219.838188,0.375017
220.213205,0.375017
220.588222,0.375017
233.2138,0.359391
233.729449,0.515649
234.120092,0.390643
312.358048,0.500023
336.593532,0.609403
337.124807,0.531274
337.62483,0.500023
547.618817,0.500023
548.103214,0.484397
700.391435,0.718783
712.610744,0.812537
713.454533,0.843789
714.298322,0.843789
714.985853,0.687531
715.782765,0.796911
746.034149,0.687531
746.877938,0.843789
761.331725,0.609403
762.050508,0.718783
762.691162,0.640654
776.394914,0.781286
777.316831,0.921917
781.66078,0.781286
790.942455,0.859414
791.692489,0.750034
792.301892,0.609403
815.896722,0.76566
816.724885,0.828163
817.443668,0.718783
818.34996,0.906291
819.146871,0.796911
838.554009,0.640654
839.147787,0.593777
839.75719,0.609403
850.773319,0.625029
870.992994,0.859414
871.88366,0.890666
970.716309,0.703157
971.356963,0.640654
980.029235,0.671906
980.591761,0.562526
984.591944,0.812537
985.388856,0.796911
986.217019,0.828163
986.998304,0.781286
987.717087,0.718783
988.513999,0.796911
989.217156,0.703157
990.060945,0.843789
990.764102,0.703157
991.732896,0.968794
996.780002,0.687531
997.405031,0.625029
998.170691,0.76566
1006.327314,0.531274
1010.843146,0.718783
1011.70256,0.859414
1012.499472,0.796911
1013.265132,0.76566
1014.10892,0.843789
1014.827703,0.718783
1015.687118,0.859414
1016.484029,0.796911
1017.343443,0.859414
1018.155981,0.812537
1018.984143,0.828163
1019.749804,0.76566
1020.531089,0.781286
1021.265498,0.734409
1021.999907,0.734409
1022.812444,0.812537
1023.593729,0.781286
1024.312512,0.718783
1025.046921,0.734409
1025.796955,0.750034
1026.515738,0.718783
1027.234521,0.718783
1027.96893,0.734409
1028.906473,0.937543
1032.34413,0.843789
1033.094164,0.750034
1040.657011,0.703157
1041.328916,0.671906
1094.05008,0.65628
1094.831365,0.781286
1095.487645,0.65628
1096.1283,0.640654
1096.878334,0.750034
1104.175543,0.703157
1151.505835,0.828163
1152.318372,0.812537
1153.021529,0.703157
1153.912195,0.890666
1154.709106,0.796911
1155.521643,0.812537
1156.334181,0.812537
1157.193595,0.859414
1158.006132,0.812537
1158.865546,0.859414
1159.740587,0.87504
1163.537635,0.87504
1164.50643,0.968794
1165.553353,1.046923
1173.303707,0.734409
1173.944362,0.640654
1174.631893,0.687531
1175.413179,0.781286
1176.178839,0.76566
1181.116565,1.125051
1186.335554,0.859414
1187.148091,0.812537
1187.945003,0.796911
1188.710663,0.76566
1189.554451,0.843789
1192.382706,0.609403
1205.789569,0.812537
1206.445849,0.65628
1207.258387,0.812537
1207.992795,0.734409
1208.711578,0.718783
1209.477238,0.76566
1210.196021,0.718783
1210.914804,0.718783
1211.617961,0.703157
1212.305493,0.687531
1213.071153,0.76566
1213.899316,0.828163
1214.664976,0.76566
1220.899636,0.828163
1221.618419,0.718783
1222.399705,0.781286
1223.212242,0.812537
1223.962276,0.750034
1224.774813,0.812537
1225.556099,0.781286
1226.196754,0.640654
1227.009291,0.812537
1227.743699,0.734409
1228.509359,0.76566
1229.165639,0.65628
1229.978177,0.812537
1230.790714,0.812537
1231.478245,0.687531
1232.322034,0.843789
1233.228325,0.906291
1237.36914,0.87504
1238.228554,0.859414
1239.11922,0.890666
1239.947383,0.828163
1240.806797,0.859414
1241.572457,0.76566
1242.353743,0.781286
1243.181906,0.828163
1244.025695,0.843789
1244.760103,0.734409
1245.619518,0.859414
1246.3383,0.718783
1247.150838,0.812537
1248.025878,0.87504
1248.775912,0.750034
1249.666578,0.890666
1255.557472,0.796911
1256.463764,0.906291
1260.385818,0.796911
1261.198356,0.812537
1261.979641,0.781286
1262.760927,0.781286
1263.604716,0.843789
1264.511007,0.906291
1265.276667,0.76566
1265.99545,0.718783
1266.886116,0.890666
1267.604899,0.718783
1268.40181,0.796911
1269.245599,0.843789
1270.042511,0.796911
1270.823796,0.781286
1271.480076,0.65628
1272.323865,0.843789
1272.980145,0.65628
1273.698928,0.718783
1274.464588,0.76566
1275.308377,0.843789
1276.120914,0.812537
1277.152211,1.031297
1277.980374,0.828163
1278.933542,0.953169
1283.386871,0.906291
1284.23066,0.843789
1284.965069,0.734409
1285.793231,0.828163
1286.683897,0.890666
1287.355803,0.671906
1288.183966,0.828163
1289.027755,0.843789
1289.730912,0.703157
1290.559075,0.828163
1291.371612,0.812537
1292.10602,0.734409
1296.059326,0.828163
1296.778109,0.718783
1297.575021,0.796911
1298.434435,0.859414
1299.168844,0.734409
1300.05951,0.890666
1300.82517,0.76566
1301.731461,0.906291
1302.46587,0.734409
1303.262781,0.796911
1304.059693,0.796911
1304.794101,0.734409
1305.575387,0.781286
1306.528556,0.953169
1307.372344,0.843789
1308.247384,0.87504
1309.059922,0.812537
1309.950587,0.890666
1310.77875,0.828163
1311.497533,0.718783
1312.263193,0.76566
1313.07573,0.812537
1313.810139,0.734409
1314.591425,0.781286
1315.37271,0.781286
1316.153996,0.781286
1316.872779,0.718783
1317.575936,0.703157
1318.325971,0.750034
1318.997876,0.671906
1319.763536,0.76566
1320.576074,0.812537
1321.372985,0.796911
1322.232399,0.859414
1323.123065,0.890666
1323.951228,0.828163
1324.779391,0.828163
1325.591928,0.812537
1326.310711,0.718783
1327.076371,0.76566
1327.842031,0.76566
1328.560814,0.718783
1329.326474,0.76566
1330.123386,0.796911
1330.935923,0.812537
1331.732834,0.796911
1332.592249,0.859414
1333.342283,0.750034
1334.123569,0.781286
1334.998609,0.87504
1335.764269,0.76566
1336.545555,0.781286
1337.389343,0.843789
1338.108126,0.718783
1338.889412,0.781286
1339.686323,0.796911
1340.451983,0.76566
1341.295772,0.843789
1342.108309,0.812537
1342.858344,0.750034
1343.670881,0.812537
1344.483418,0.812537
1345.295955,0.812537
1346.077241,0.781286
1346.92103,0.843789
1347.655438,0.734409
1348.436724,0.781286
1349.233635,0.796911
1350.077424,0.843789
1350.85871,0.781286
1351.749376,0.890666
1352.530661,0.781286
1353.280696,0.750034
1354.108859,0.828163
1354.843267,0.734409
1355.655804,0.812537
1356.405839,0.750034
1357.187124,0.781286
1357.937159,0.750034
1358.671567,0.734409
1359.49973,0.828163
1360.37477,0.87504
1361.156056,0.781286
1361.968593,0.812537
1368.625148,0.76566
1369.297054,0.671906
1381.485112,1.046923
1385.125903,0.609403
1396.126407,0.718783
1396.985821,0.859414
1400.735993,0.718783
1401.611033,0.87504
1402.439196,0.828163
1403.18923,0.750034
1404.06427,0.87504
1404.908059,0.843789
1405.658093,0.750034
1406.533133,0.87504
1407.34567,0.812537
1411.486485,0.843789
1412.361525,0.87504
1413.189688,0.828163
1414.002225,0.812537
1414.97102,0.968794
1419.861868,0.890666
1420.65878,0.796911
1421.53382,0.87504
1422.471363,0.937543
1423.252649,0.781286
1424.065186,0.812537
1424.908974,0.843789
1425.893394,0.98442
1426.659055,0.76566
1427.612223,0.953169
1428.581017,0.968794
1429.424806,0.843789
1430.331098,0.906291
1431.284266,0.953169
1432.143681,0.859414
1433.065598,0.921917
1434.003141,0.937543
1434.846929,0.843789
1435.768847,0.921917
1436.659512,0.890666
1437.472049,0.812537
1438.300212,0.828163
1439.175252,0.87504
1439.98779,0.812537
1440.909707,0.921917
1441.815998,0.906291
1442.597284,0.781286
1443.316067,0.718783
1444.191107,0.87504
1444.972393,0.781286
1445.863059,0.890666
1453.379028,0.750034
1454.144688,0.76566
1454.925973,0.781286
1455.707259,0.781286
1456.519796,0.812537
1457.379211,0.859414
1462.129428,0.687531
1462.92634,0.796911
1463.645123,0.718783
1464.363905,0.718783
1465.082688,0.718783
1465.8796,0.796911
1466.660886,0.781286
1467.473423,0.812537
1468.207831,0.734409
1468.926614,0.718783
1469.582894,0.65628
1470.207923,0.625029
1470.989209,0.781286
1471.817372,0.828163
1472.723663,0.906291
1473.442446,0.718783
1474.254983,0.812537
1475.083146,0.828163
1475.880058,0.796911
1476.583215,0.703157
1477.364501,0.781286
1478.192663,0.828163
1478.927072,0.734409
1479.755235,0.828163
1480.630275,0.87504
1487.099321,0.796911
1487.94311,0.843789
1488.786898,0.843789
1489.599436,0.812537
1490.380721,0.781286
1493.95901,0.734409
1494.709044,0.750034
1495.615336,0.906291
1519.007032,0.65628
1519.710189,0.703157
1520.39772,0.687531
1520.991498,0.593777
1521.632152,0.640654
1522.335309,0.703157
1522.960338,0.625029
1523.741623,0.781286
1524.522909,0.781286
1564.352857,0.65628
1572.775118,0.593777
1587.760179,0.750034
1588.44771,0.687531
1589.244622,0.796911
1590.08841,0.843789
1590.838445,0.750034
1591.635356,0.796911
1592.447893,0.812537
1593.260431,0.812537
1593.994839,0.734409
1594.807376,0.812537
1595.479282,0.671906
1596.229316,0.750034
1648.762971,0.671906
1649.622386,0.859414
1650.513051,0.890666
1651.278711,0.76566
1652.1225,0.843789
1653.028791,0.906291
1653.841329,0.812537
1654.74762,0.906291
1655.450777,0.703157
1667.373198,0.687531
1698.968394,0.531274
1699.593423,0.625029
1700.29658,0.703157
1700.968486,0.671906
1701.749772,0.781286
1702.437303,0.687531
1703.202963,0.76566
1703.90612,0.703157
1704.656155,0.750034
1705.343686,0.687531
1705.999966,0.65628
1706.671872,0.671906
1762.299418,0.781286
1762.846318,0.5469
1763.518224,0.671906
1768.315319,0.65628
1768.940347,0.625029
1769.518499,0.578151
1770.20603,0.687531
1771.034193,0.828163
1778.237648,0.625029
1796.629115,0.828163
1797.394775,0.76566
1798.160435,0.76566
1798.910469,0.750034
1799.707381,0.796911
1800.410538,0.703157
1801.160572,0.750034
1801.848104,0.687531
1802.598138,0.750034
1803.395049,0.796911
1804.285715,0.890666
1815.364347,0.734409
1815.958124,0.593777
1816.583153,0.625029
1817.192556,0.609403
1817.755082,0.562526
1818.411362,0.65628
1819.067642,0.65628
1819.723922,0.65628
1820.395828,0.671906
1821.083359,0.687531
1821.692762,0.609403
1822.349042,0.65628
1822.927193,0.578151
1823.567848,0.640654
1824.224128,0.65628
1848.803378,0.640654
1849.506535,0.703157
1850.147189,0.640654
1850.803469,0.65628
1851.475375,0.671906
1852.194158,0.718783
1852.850438,0.65628
1853.553595,0.703157
1854.256752,0.703157
1854.928658,0.671906
1855.600564,0.671906
1856.27247,0.671906
1856.944376,0.671906
1857.600656,0.65628
1858.303813,0.703157
1859.069473,0.76566
1859.788256,0.718783
1860.585167,0.796911
1861.382079,0.796911
1862.100862,0.718783
1865.491642,0.671906
1866.147922,0.65628
1872.304454,0.671906
1873.116991,0.812537
1873.695142,0.578151
1874.226417,0.531274
1874.929574,0.703157
1875.523351,0.593777
1876.117128,0.593777
1876.679654,0.562526
1877.398437,0.718783
1877.914085,0.515649
1892.274118,0.640654
1905.040327,0.671906
1905.805987,0.76566
1906.446641,0.640654
1907.087296,0.640654
1907.743576,0.65628
1908.524862,0.781286
1914.681393,0.76566
1949.651744,0.671906
1950.386153,0.734409
1951.183064,0.796911
1952.011227,0.828163
1952.792513,0.781286
1953.589424,0.796911
1954.542593,0.953169
1968.496357,0.796911
1969.137011,0.640654
2030.671078,0.843789
2031.530492,0.859414
2032.389906,0.859414
2033.108689,0.718783
2033.936852,0.828163
2034.796267,0.859414
2048.156253,0.796911
2092.830173,0.609403
2093.455202,0.625029
2139.660442,0.750034
2140.363599,0.703157
2141.129259,0.76566
2141.81679,0.687531
2142.660579,0.843789
2171.615029,0.609403
2181.709241,0.859414
2182.55303,0.843789
2183.365567,0.812537
2184.162479,0.796911
2184.975016,0.812537
2185.771927,0.796911
2186.553213,0.781286
2187.318873,0.76566
2188.068907,0.750034
2188.709562,0.640654
2189.33459,0.625029
2189.975245,0.640654
2190.694028,0.718783
2191.475313,0.781286
2192.365979,0.890666
2199.522557,0.87504
2205.632211,0.640654
2206.382246,0.750034
2207.179157,0.796911
2207.991694,0.812537
2208.929237,0.937543
2225.726881,0.953169
2226.555044,0.828163
2233.039716,0.859414
2233.930382,0.890666
2234.821048,0.890666
2235.586708,0.76566
2247.790391,0.734409
2248.509174,0.718783
2249.196706,0.687531
2249.868611,0.671906
2250.60302,0.734409
2258.994029,0.890666
2259.837818,0.843789
2260.681606,0.843789
2261.541021,0.859414
2262.400435,0.859414
2263.228598,0.828163
2264.150515,0.921917
2265.041181,0.890666
2265.884969,0.843789
2266.775635,0.890666
2267.681927,0.906291
2268.541341,0.859414
2269.432007,0.890666
2270.307047,0.87504
2271.088333,0.781286
2271.885244,0.796911
2272.697781,0.812537
2273.510319,0.812537
2274.338481,0.828163
2275.151019,0.812537
2276.010433,0.859414
2276.82297,0.812537
2277.604256,0.781286
2278.416793,0.812537
2279.213705,0.796911
2280.026242,0.812537
2294.667537,0.703157
2295.339443,0.671906
2296.136354,0.796911
2308.136904,0.906291
2314.82471,0.812537
2315.715376,0.890666
2316.46541,0.750034
2317.324824,0.859414
2318.21549,0.890666
2319.012402,0.796911
2319.85619,0.843789
2332.51302,0.796911
2333.309931,0.796911
2333.997463,0.687531
2334.841251,0.843789
2335.638163,0.796911
2336.497577,0.859414
2337.32574,0.828163
2338.20078,0.87504
2339.060194,0.859414
2339.95086,0.890666
2340.700894,0.750034
2341.529057,0.828163
2342.35722,0.828163
2343.138506,0.781286
2343.794786,0.65628
2344.591697,0.796911
2345.404235,0.812537
2352.404555,0.812537
2353.217092,0.812537
2354.060881,0.843789
2354.810915,0.750034
2355.576575,0.76566
2356.389112,0.812537
2357.232901,0.843789
2358.107941,0.87504
2358.967355,0.859414
2359.811144,0.843789
2360.639307,0.828163
2361.373716,0.734409
2362.217504,0.843789
2363.092544,0.87504
2363.87383,0.781286
2364.655116,0.781286
2365.530156,0.87504
2366.467699,0.937543
2367.26461,0.796911
2368.202153,0.937543
2369.108445,0.906291
2369.842853,0.734409
2379.999568,0.812537
2380.890234,0.890666
2381.609017,0.718783
2382.390303,0.781286
2383.077834,0.687531
2383.890371,0.812537
2384.656031,0.76566
2385.484194,0.828163
2403.453767,0.640654
2404.250678,0.796911
2405.125718,0.87504
2405.938256,0.812537
2406.922676,0.98442
2407.766464,0.843789
2408.610253,0.843789
2409.454041,0.843789
2410.235327,0.781286
2411.047864,0.812537
2411.907279,0.859414
2412.797945,0.890666
2413.594856,0.796911
2414.438645,0.843789
2420.470171,0.750034
2421.142076,0.671906
2421.829608,0.687531
2429.18932,0.718783
2429.908103,0.718783
2430.673763,0.76566
2431.470674,0.796911
2432.158206,0.687531
2432.90824,0.750034
2442.111786,0.796911
2442.924324,0.812537
2443.674358,0.750034
2444.393141,0.718783
2445.143175,0.750034
2445.893209,0.750034
2446.674495,0.781286
2447.502658,0.828163
2448.237067,0.734409
2449.033978,0.796911
2449.799638,0.76566
2450.612175,0.812537
2454.815493,0.812537
2455.690533,0.87504
2456.565573,0.87504
2466.144136,0.859414
2467.034802,0.890666
2467.909842,0.87504
2468.691128,0.781286
2469.566168,0.87504
2470.409957,0.843789
2471.316248,0.906291
2472.11316,0.796911
2472.9882,0.87504
2473.847614,0.859414
2474.753906,0.906291
2475.519566,0.76566
2476.316477,0.796911
2477.113389,0.796911
2487.957635,0.87504
2488.723295,0.76566
2489.410826,0.687531
2490.098358,0.687531
2490.770264,0.671906
2491.442169,0.671906
2492.082824,0.640654
2492.86411,0.781286
2493.536015,0.671906
2513.974451,0.515649
2514.552602,0.578151
2515.083877,0.531274
2522.537343,0.609403
2528.303232,0.796911
2546.804079,0.593777
2547.522861,0.718783
2581.961938,0.750034
2582.790101,0.828163
2583.743269,0.953169
2584.493304,0.750034
2585.446472,0.953169
2586.290261,0.843789
2587.102798,0.812537
2588.071593,0.968794
2591.665507,0.843789
2592.462419,0.796911
2593.212453,0.750034
2614.682186,0.593777
2615.479097,0.796911
2616.151003,0.671906
2616.932289,0.781286
2617.666697,0.734409
2618.447983,0.781286
2619.073012,0.625029
2619.776169,0.703157
2620.510577,0.734409
2621.276237,0.76566
2622.010646,0.734409
2622.745055,0.734409
2623.557592,0.812537
2624.401381,0.843789
2625.245169,0.843789
2626.151461,0.906291
2626.995249,0.843789
2627.760909,0.76566
2628.557821,0.796911
2629.323481,0.76566
2630.104767,0.781286
2630.886052,0.781286
2631.776718,0.890666
2632.651758,0.87504
2633.55805,0.906291
2634.401838,0.843789
2635.292504,0.890666
2636.089416,0.796911
2636.83945,0.750034
2637.60511,0.76566
2638.417647,0.812537
2639.167681,0.750034
2639.980219,0.812537
2640.855259,0.87504
2641.76155,0.906291
2642.605339,0.843789
2643.464753,0.859414
2644.355419,0.890666
2645.246085,0.890666
2646.089873,0.843789
2646.839908,0.750034
2647.621193,0.781286
2648.433731,0.812537
2649.261894,0.828163
2650.074431,0.812537
2650.886968,0.812537
2651.652628,0.76566
2652.433914,0.781286
2653.262077,0.828163
2654.043362,0.781286
2654.809022,0.76566
2655.527805,0.718783
2656.324717,0.796911
2657.106003,0.781286
2657.871663,0.76566
2658.606071,0.734409
2659.387357,0.781286
2660.168643,0.781286
2660.949929,0.781286
2661.74684,0.796911
2662.528126,0.781286
2663.340663,0.812537
2664.168826,0.828163
2664.950112,0.781286
2665.731397,0.781286
2666.481432,0.750034
2667.184589,0.703157
2667.840869,0.65628
2668.497149,0.65628
2669.169055,0.671906
2669.840961,0.671906
2670.497241,0.65628
2671.341029,0.843789
2671.997309,0.65628
2687.248007,0.781286
2688.107422,0.859414
2688.998087,0.890666
2689.873127,0.87504
2690.70129,0.828163
2691.529453,0.828163
2692.357616,0.828163
2693.076399,0.718783
2693.842059,0.76566
2694.576468,0.734409
2695.279625,0.703157
2695.982782,0.703157
2696.826571,0.843789
2704.686306,0.76566
2705.530094,0.843789
2706.233251,0.703157
2706.96766,0.734409
2707.780197,0.812537
2708.545857,0.76566
2709.327143,0.781286
2710.077177,0.750034
2710.858463,0.781286
2711.639749,0.781286
2712.452286,0.812537
2713.20232,0.750034
2713.952355,0.750034
2714.764892,0.812537
2715.483675,0.718783
2716.218083,0.734409
2716.968118,0.750034
2717.733778,0.76566
2718.515064,0.781286
2719.296349,0.781286
2720.124512,0.828163
2720.952675,0.828163
2721.718335,0.76566
2722.515247,0.796911
2723.327784,0.812537
2724.155947,0.828163
2724.999735,0.843789
2725.812273,0.812537
2726.484178,0.671906
2727.202961,0.718783
2727.781113,0.578151
2728.406141,0.625029
2729.171801,0.76566
2729.953087,0.781286
2730.703121,0.750034
2731.515659,0.812537
2732.359447,0.843789
2733.140733,0.781286
2734.031399,0.890666
2734.859562,0.828163
2735.59397,0.734409
2736.406507,0.812537
2737.203419,0.796911
2738.00033,0.796911
2738.76599,0.76566
2739.578528,0.812537
2740.391065,0.812537
2741.141099,0.750034
2741.922385,0.781286
2742.719296,0.796911
2743.484957,0.76566
2744.156862,0.671906
2744.922522,0.76566
2745.688182,0.76566
2746.50072,0.812537
2747.344508,0.843789
2748.157045,0.812537
2748.953957,0.796911
2749.750868,0.796911
2750.407148,0.65628
2751.063428,0.65628
2751.688457,0.625029
2762.095183,0.734409
2762.782715,0.687531
2763.501498,0.718783
2764.251532,0.750034
2764.954689,0.703157
2765.673472,0.718783
2766.376629,0.703157
2767.079787,0.703157
2767.782944,0.703157
2768.486101,0.703157
2769.158007,0.671906
2769.908041,0.750034
2770.564321,0.65628
2771.236227,0.671906
2780.81479,0.828163
2781.517947,0.703157
2782.299233,0.781286
2782.986765,0.687531
2783.736799,0.750034
2784.502459,0.76566
2785.236868,0.734409
2785.893148,0.65628
2814.644464,0.562526
2815.331995,0.687531
2815.988275,0.65628
2820.254096,0.750034
2832.145265,0.781286
2832.910925,0.76566
2833.754714,0.843789
2834.551625,0.796911
2835.223531,0.671906
2835.957939,0.734409
2836.739225,0.781286
2837.567388,0.828163
2838.47368,0.906291
2841.661325,0.671906
2842.41136,0.750034
2847.395963,0.687531
2848.020992,0.625029
2848.802277,0.781286
2849.52106,0.718783
2856.630761,0.640654
2857.365169,0.734409
2863.865467,0.687531
2864.58425,0.718783
2865.303033,0.718783
2865.990564,0.687531
2866.77185,0.781286
2867.506258,0.734409
2868.396924,0.890666
2871.897084,0.718783
2872.67837,0.781286
2873.412779,0.734409
2874.162813,0.750034
2874.959725,0.796911
2875.694133,0.734409
2876.39729,0.703157
2877.178576,0.781286
2877.866108,0.687531
2878.631768,0.76566
2879.319299,0.687531
2880.084959,0.76566
2880.881871,0.796911
2881.631905,0.750034
2882.444442,0.812537
2883.131974,0.687531
2883.835131,0.703157
2884.616417,0.781286
2885.366451,0.750034
2886.163363,0.796911
2886.960274,0.796911
2887.757185,0.796911
2888.554097,0.796911
2889.304131,0.750034
2890.03854,0.734409
2890.819826,0.781286
2891.616737,0.796911
2892.351146,0.734409
2893.132432,0.781286
2893.929343,0.796911
2894.695003,0.76566
2895.429412,0.734409
2896.179446,0.750034
2896.913855,0.734409
2897.648263,0.734409
2898.367046,0.718783
2899.054578,0.687531
2899.742109,0.687531
2900.445266,0.703157
2901.179675,0.734409
2901.914083,0.734409
2902.570364,0.65628
2903.429778,0.859414
2904.039181,0.609403
2904.757964,0.718783
2905.633004,0.87504
2910.976998,0.65628
2911.633278,0.65628
2912.414564,0.781286
2913.08647,0.671906
2913.820879,0.734409
2914.539661,0.718783
2915.289696,0.750034
2916.03973,0.750034
2916.758513,0.718783
2917.414793,0.65628
2918.196079,0.781286
2918.946113,0.750034
2919.774276,0.828163
2920.493059,0.718783
2921.196216,0.703157
2921.977502,0.781286
2922.727536,0.750034
2923.461945,0.734409
2924.290108,0.828163
2925.024516,0.734409
2925.821428,0.796911
2926.540211,0.718783
2927.258994,0.718783
2928.055905,0.796911
2928.821565,0.76566
2929.555974,0.734409
2930.352885,0.796911
2931.10292,0.750034
2931.790451,0.687531
2932.509234,0.718783
2933.259268,0.750034
2933.931174,0.671906
2934.665583,0.734409
2935.415617,0.750034
2936.196903,0.781286
2936.931311,0.734409
2937.66572,0.734409
2938.462631,0.796911
2939.19704,0.734409
2940.025203,0.828163
2940.72836,0.703157
2941.431517,0.703157
2942.212803,0.781286
2942.931586,0.718783
2943.665995,0.734409
2944.384778,0.718783
2945.150438,0.76566
2945.900472,0.750034
2946.681758,0.781286
2947.447418,0.76566
2948.150575,0.703157
2948.869358,0.718783
2949.619392,0.750034
2950.353801,0.734409
2951.072584,0.718783
2951.822618,0.750034
2952.557027,0.734409
2953.322687,0.76566
2954.103972,0.781286
2954.885258,0.781286
2955.650918,0.76566
2956.400953,0.750034
2957.119735,0.718783
2957.822893,0.703157
2958.541676,0.718783
2959.322961,0.781286
2960.088621,0.76566
2963.604407,0.593777
2964.260687,0.65628
2964.901342,0.640654
2965.588873,0.687531
2966.29203,0.703157
2966.979562,0.687531
2967.667093,0.687531
2968.338999,0.671906
2968.979653,0.640654
2969.557805,0.578151
2970.323465,0.76566
2970.948493,0.625029
2971.698528,0.750034
2972.339182,0.640654
2973.073591,0.734409
2973.964257,0.890666
2977.464417,0.718783
2978.1832,0.718783
2978.870731,0.687531
2979.542637,0.671906
2982.980294,0.703157
2983.683451,0.703157
2984.464737,0.781286
2985.105392,0.640654
2985.761672,0.65628
2986.511706,0.750034
2987.246114,0.734409
2987.996149,0.750034
2988.761809,0.76566
2989.496217,0.734409
2990.168123,0.671906
2990.933783,0.76566
2991.668192,0.734409
2992.308846,0.640654
2993.105758,0.796911
2993.762038,0.65628
2994.465195,0.703157
2995.074598,0.609403
2995.730878,0.65628
2996.434035,0.703157
2997.090315,0.65628
2997.746595,0.65628
2998.418501,0.671906
2999.04353,0.625029
2999.684184,0.640654
3000.402967,0.718783
3001.043621,0.640654
3001.684275,0.640654
3002.340555,0.65628
3003.028087,0.687531
3003.699993,0.671906
3004.371898,0.671906
3005.075056,0.703157
3005.684458,0.609403
3006.340739,0.65628
3007.012644,0.671906
3007.637673,0.625029
3008.387707,0.750034
3009.059613,0.671906
3009.887776,0.828163
3013.450439,0.718783
3014.200473,0.750034
3014.888005,0.687531
3015.638039,0.750034
3016.356822,0.718783
3017.138108,0.781286
3017.810014,0.671906
3018.528796,0.718783
3019.278831,0.750034
3020.013239,0.734409
3020.700771,0.687531
3021.294548,0.593777
3022.107085,0.812537
3022.85712,0.750034
3026.404157,0.625029
3027.091688,0.687531
3027.810471,0.718783
3028.576131,0.76566
3033.810746,0.718783
3034.529529,0.718783
3035.263937,0.734409
3035.998346,0.734409
3036.810883,0.812537
3037.498415,0.687531
3038.279701,0.781286
3039.092238,0.812537
3039.873523,0.781286
3040.623558,0.750034
3041.467346,0.843789
3042.264258,0.796911
3045.951927,0.796911
3046.701961,0.750034
3047.467621,0.76566
3048.233281,0.76566
3049.030193,0.796911
3049.670847,0.640654
3057.436827,0.781286
3058.186862,0.750034
3058.952522,0.76566
3059.671305,0.718783
3060.421339,0.750034
3061.186999,0.76566
3061.921408,0.734409
3062.702693,0.781286
3063.499605,0.796911
3064.249639,0.750034
3065.046551,0.796911
3065.827837,0.781286
3066.609122,0.781286
3067.281028,0.671906
3067.999811,0.718783
3068.702968,0.703157
3069.437377,0.734409
3070.15616,0.718783
3070.92182,0.76566
3071.703105,0.781286
3072.484391,0.781286
3073.234426,0.750034
3074.046963,0.812537
3080.609763,0.687531
3081.31292,0.703157
3081.953575,0.640654
3082.578603,0.625029
3083.250509,0.671906
3084.031795,0.781286
3084.781829,0.750034
3085.500612,0.718783
3086.250646,0.750034
3086.969429,0.718783
3087.547581,0.578151
3091.625892,0.687531
3092.391552,0.76566
3093.047832,0.65628
3093.735364,0.687531
3094.485398,0.750034
3095.219807,0.734409
3095.954216,0.734409
3096.719876,0.76566
3097.438658,0.718783
3098.079313,0.640654
3098.813721,0.734409
3099.470001,0.65628
3100.09503,0.625029
3100.86069,0.76566
3101.532596,0.671906
3102.188876,0.65628
3102.954536,0.76566
3103.688945,0.734409
3104.376476,0.687531
3105.220265,0.843789
3106.00155,0.781286
3106.845339,0.843789
3107.532871,0.687531
3108.267279,0.734409
3109.220448,0.953169
3112.376842,0.640654
3113.173754,0.796911
3113.908162,0.734409
3114.533191,0.625029
3117.627083,0.687531
3118.377117,0.750034
3119.111526,0.734409
3119.767806,0.65628
3120.455337,0.687531
3121.17412,0.718783
3121.767897,0.593777
3122.424177,0.65628
3126.064969,0.703157
3126.846255,0.781286
3127.611915,0.76566
3130.955818,0.812537
3134.455978,0.718783
3135.190387,0.734409
3135.940421,0.750034
3136.643578,0.703157
3137.315484,0.671906
3138.049892,0.734409
3138.784301,0.734409
3139.51871,0.734409
3140.253118,0.734409
3141.05003,0.796911
3141.800064,0.750034
3142.58135,0.781286
3143.284507,0.703157
3144.018916,0.734409
3144.76895,0.750034
3145.456481,0.687531
3146.237767,0.781286
3147.003427,0.76566
3147.800339,0.796911
3148.550373,0.750034
3149.409787,0.859414
3150.222325,0.812537
3150.956733,0.734409
3151.76927,0.812537
3152.503679,0.734409
3153.222462,0.718783
3154.081876,0.859414
3154.753782,0.671906
3155.535068,0.781286
3156.300728,0.76566
3157.066388,0.76566
3157.832048,0.76566
3158.582082,0.750034
3159.394619,0.812537
3160.175905,0.781286
3160.92594,0.750034
3161.675974,0.750034
3162.488511,0.812537
3163.176043,0.687531
3163.910451,0.734409
3164.707363,0.796911
3165.441771,0.734409
3166.144928,0.703157
3166.957466,0.812537
3167.691874,0.734409
3168.457534,0.76566
3169.145066,0.687531
3169.910726,0.76566
3170.692012,0.781286
3171.442046,0.750034
3172.19208,0.750034
3172.988992,0.796911
3173.707775,0.718783
3174.457809,0.750034
3175.192218,0.734409
3176.098509,0.906291
3176.754789,0.65628
3177.520449,0.76566
3178.364238,0.843789
3179.114272,0.750034
3179.942435,0.828163
3180.567464,0.625029
3181.270621,0.703157
3181.989404,0.718783
3182.723812,0.734409
3183.473847,0.750034
3184.239507,0.76566
3184.911412,0.671906
3185.802078,0.890666
3186.755247,0.953169
3190.552296,0.796911
3191.349207,0.796911
3192.161744,0.812537
3192.911779,0.750034
3193.614936,0.703157
3194.318093,0.703157
3195.036876,0.718783
3195.802536,0.76566
3196.55257,0.750034
3197.31823,0.76566
3198.08389,0.76566
3198.990182,0.906291
3199.771468,0.781286
3200.490251,0.718783
3201.365291,0.87504
3202.130951,0.76566
3202.880985,0.750034
3203.646645,0.76566
3204.349802,0.703157
3205.177965,0.828163
3205.912374,0.734409
3206.724911,0.812537
3207.412442,0.687531
3208.1156,0.703157
3208.896885,0.781286
3209.615668,0.718783
3210.350077,0.734409
3211.053234,0.703157
3211.787643,0.734409
3212.60018,0.812537
3213.36584,0.76566
3214.147126,0.781286
3214.928411,0.781286
3215.66282,0.734409
3216.506609,0.843789
3217.19414,0.687531
3217.866046,0.671906
3218.741086,0.87504
3219.412992,0.671906
3220.334909,0.921917
3221.053692,0.718783
3221.834978,0.781286
3222.710018,0.87504
3223.444426,0.734409
3224.178835,0.734409
3225.006998,0.828163
3225.710155,0.703157
3226.522692,0.812537
3227.241475,0.718783
3228.007135,0.76566
3228.804047,0.796911
3229.569707,0.76566
3230.50725,0.937543
3234.054287,0.718783
3237.83571,0.781286
3238.632622,0.796911
3239.36703,0.734409
3240.117064,0.750034
3240.960853,0.843789
3241.679636,0.718783
3242.398419,0.718783
3243.132828,0.734409
3243.867236,0.734409
3244.632896,0.76566
3245.445433,0.812537
3246.289222,0.843789
3247.101759,0.812537
3247.883045,0.781286
3248.648705,0.76566
3249.445616,0.796911
3250.273779,0.828163
3251.070691,0.796911
3251.851977,0.781286
3252.617637,0.76566
3253.398922,0.781286
3254.133331,0.734409
3254.883365,0.750034
3255.680277,0.796911
3256.477188,0.796911
3257.180346,0.703157
3257.883503,0.703157
3258.571034,0.687531
3259.274191,0.703157
3260.0086,0.734409
3260.743009,0.734409
3261.508669,0.76566
3262.336832,0.828163
3263.055614,0.718783
3263.790023,0.734409
3264.665063,0.87504
3265.36822,0.703157
3266.087003,0.718783
3266.805786,0.718783
3267.415189,0.609403
3268.180849,0.76566
3268.805878,0.625029
3269.493409,0.687531
3270.259069,0.76566
3270.899724,0.640654
3271.587255,0.687531
3272.352915,0.76566
3272.962318,0.609403
3273.665475,0.703157
3274.306129,0.640654
3274.931158,0.625029
3275.696818,0.76566
3276.306221,0.609403
3280.822053,0.687531
3281.509584,0.687531
3282.212741,0.703157
3282.94715,0.734409
3283.681559,0.734409
3284.337839,0.65628
3287.228596,0.671906
3287.916127,0.687531
3288.650536,0.734409
3289.338068,0.687531
3290.05685,0.718783
3290.760008,0.703157
3291.416288,0.65628
3292.103819,0.687531
3292.822602,0.718783
3293.525759,0.703157
3294.244542,0.718783
3295.010202,0.76566
3295.682108,0.671906
3296.385265,0.703157
3297.104048,0.718783
3297.807205,0.703157
3298.541614,0.734409
3299.229145,0.687531
3299.885425,0.65628
3300.557331,0.671906
3301.229237,0.671906
3301.916768,0.687531
3302.510545,0.593777
3303.1512,0.640654
3303.760603,0.609403
3304.338754,0.578151
3304.963783,0.625029
3305.682566,0.718783
3306.401349,0.718783
3307.073254,0.671906
3307.823289,0.750034
3308.557697,0.734409
3309.292106,0.734409
3310.026515,0.734409
3310.69842,0.671906
3311.417203,0.718783
3312.12036,0.703157
3312.839143,0.718783
3313.511049,0.671906
3314.245458,0.734409
3314.979866,0.734409
3315.745526,0.76566
3316.479935,0.734409
3317.292472,0.812537
3318.089384,0.796911
3318.886295,0.796911
3319.683207,0.796911
3320.464492,0.781286
3321.214527,0.750034
3321.980187,0.76566
3322.761472,0.781286
3323.589635,0.828163
3324.386547,0.796911
3325.183458,0.796911
3326.011621,0.828163
3326.808533,0.796911
3327.574193,0.76566
3328.292976,0.718783
3329.058636,0.76566
3329.80867,0.750034
3330.589956,0.781286
3331.418119,0.828163
3332.21503,0.796911
3332.996316,0.781286
3333.793227,0.796911
3334.605765,0.812537
3335.371425,0.76566
3336.168336,0.796911
3336.91837,0.750034
3337.699656,0.781286
3338.434065,0.734409
3339.152848,0.718783
3339.981011,0.828163
3340.715419,0.734409
3341.512331,0.796911
3342.168611,0.65628
3342.887394,0.718783
3343.684305,0.796911
3344.387462,0.703157
3345.153122,0.76566
3345.96566,0.812537
3346.637565,0.671906
3347.371974,0.734409
3348.184511,0.812537
3348.872043,0.687531
3349.5752,0.703157
3350.372111,0.796911
3351.044017,0.671906
3351.715923,0.671906
3352.497209,0.781286
3353.137863,0.640654
3353.84102,0.703157
3354.591054,0.750034
3355.26296,0.671906
3355.903615,0.640654
3356.669275,0.76566
3357.372432,0.703157
3358.044338,0.671906
3360.872592,0.76566
3361.513246,0.640654
3362.263281,0.750034
3363.044566,0.781286
3363.825852,0.781286
3364.669641,0.843789
3365.404049,0.734409
3366.138458,0.734409
3367.060375,0.921917
3372.716884,0.76566
3373.420041,0.703157
3374.185701,0.76566
3374.857607,0.671906
3375.57639,0.718783
3376.34205,0.76566
3377.123336,0.781286
3377.904622,0.781286
3378.670282,0.76566
3379.420316,0.750034
3380.139099,0.718783
3380.811005,0.671906
3381.514162,0.703157
3382.232945,0.718783
3382.951728,0.718783
3383.717388,0.76566
3384.561176,0.843789
3385.420591,0.859414
3386.264379,0.843789
3387.092542,0.828163
3387.920705,0.828163
3388.780119,0.859414
3389.561405,0.781286
3390.358317,0.796911
3391.155228,0.796911
3391.920888,0.76566
3392.702174,0.781286
3393.499085,0.796911
3394.311623,0.812537
3395.155411,0.843789
3395.921071,0.76566
3396.842988,0.921917
3397.718029,0.87504
3398.483689,0.76566
3399.2806,0.796911
3400.061886,0.781286
3400.796294,0.734409
3401.608832,0.812537
3402.265112,0.65628
3402.99952,0.734409
3403.718303,0.718783
3404.405835,0.687531
3405.093366,0.687531
3405.749646,0.65628
3412.453078,0.828163
3422.906682,0.687531
3423.516084,0.609403
3426.516222,0.65628
3427.203753,0.687531
3427.938162,0.734409
3428.656945,0.718783
3429.328851,0.671906
3433.516542,0.718783
3434.157197,0.640654
3434.844728,0.687531
3435.547885,0.703157
3436.313545,0.76566
3439.423063,0.640654
3440.063717,0.640654
3440.766874,0.703157
3441.516908,0.750034
3442.298194,0.781286
3443.048229,0.750034
3443.84514,0.796911
3444.626426,0.781286
3445.423337,0.796911
3446.157746,0.734409
3446.923406,0.76566
3447.704692,0.781286
3448.485977,0.781286
3449.298515,0.812537
3450.111052,0.812537
3450.923589,0.812537
3451.7205,0.796911
3452.517412,0.796911
3456.345712,0.796911
3457.205127,0.859414
3458.017664,0.812537
3458.923955,0.906291
3459.720867,0.796911
3460.627158,0.906291
3464.37733,0.812537
3464.986733,0.609403
3465.705516,0.718783
3466.502427,0.796911
3467.252461,0.750034
3468.002496,0.750034
3476.393505,0.718783
3477.143539,0.750034
3477.924825,0.781286
3478.674859,0.750034
3479.331139,0.65628
3482.378154,0.734409
3483.065685,0.687531
3483.81572,0.750034
3484.534503,0.718783
3485.300163,0.76566
3486.034571,0.734409
3486.722103,0.687531
3491.081677,0.718783
3491.769209,0.687531
3492.45674,0.687531
3493.159897,0.703157
3493.831803,0.671906
3494.519335,0.687531
3495.19124,0.671906
3495.894397,0.703157
3496.597555,0.703157
3497.347589,0.750034
3498.113249,0.76566
3498.894535,0.781286
3499.660195,0.76566
3500.378978,0.718783
3501.082135,0.703157
3501.707164,0.625029
3502.347818,0.640654
3502.988472,0.640654
3503.676004,0.687531
3504.347909,0.671906
3505.066692,0.718783
3505.754224,0.687531
3506.410504,0.65628
3507.08241,0.671906
3507.691813,0.609403
3508.28559,0.593777
3513.473327,0.640654
3514.129607,0.65628
3514.785887,0.65628
3515.457793,0.671906
3516.145324,0.687531
3516.864107,0.718783
3517.58289,0.718783
3518.34855,0.76566
3519.161088,0.812537
3519.926748,0.76566
3520.676782,0.750034
3521.395565,0.718783
3522.129973,0.734409
3522.786253,0.65628
3523.473785,0.687531
3524.130065,0.65628
3524.848848,0.718783
3525.536379,0.687531
3526.208285,0.671906
3530.45848,0.718783
3531.22414,0.76566
3531.864794,0.640654
3532.614828,0.750034
3533.41174,0.796911
3534.193026,0.781286
3535.036814,0.843789
3535.755597,0.718783
3536.505631,0.750034
3537.193163,0.687531
3537.974449,0.781286
3538.615103,0.640654
3539.333886,0.718783
3540.005792,0.671906
3540.724575,0.718783
3541.50586,0.781286
3542.146515,0.640654
3542.880923,0.734409
3543.615332,0.734409
3551.240681,0.609403
3554.631461,0.671906
3555.287741,0.65628
3555.928396,0.640654
3556.615927,0.687531
3557.209704,0.593777
3557.959738,0.750034
3558.678521,0.718783
3559.475433,0.796911
3560.209841,0.734409
3561.006753,0.796911
3561.788039,0.781286
3562.600576,0.812537
3563.35061,0.750034
3564.11627,0.76566
3564.835053,0.718783
3565.53821,0.703157
3566.210116,0.671906
3566.897648,0.687531
3567.553928,0.65628
3568.194582,0.640654
3568.819611,0.625029
3569.429013,0.609403
3570.038416,0.609403
3570.616568,0.578151
3574.382365,0.703157
3575.148025,0.76566
3575.835557,0.687531
3576.507463,0.671906
3577.257497,0.750034
3577.960654,0.703157
3578.648185,0.687531
3583.77342,0.890666
3587.179826,0.703157
3587.961112,0.781286
3588.601766,0.640654
3589.289298,0.687531
3589.992455,0.703157
3590.679986,0.687531
3591.414395,0.734409
3592.101926,0.687531
3596.555255,0.796911
3597.164658,0.609403
3597.820938,0.65628
3604.08685,0.703157
3604.868136,0.781286
3605.477539,0.609403
3606.118193,0.640654
3606.805724,0.687531
3607.524507,0.718783
3608.227664,0.703157
3609.024576,0.796911
3609.649605,0.625029
3610.32151,0.671906
3610.962165,0.640654
3611.696573,0.734409
3612.352853,0.65628
3612.993508,0.640654
3613.759168,0.76566
3614.384196,0.625029
3615.087353,0.703157
3615.821762,0.734409
3616.493668,0.671906
3617.181199,0.687531
3617.806228,0.625029
3618.493759,0.687531
3619.150039,0.65628
3619.868822,0.718783
3620.618857,0.750034
3621.400142,0.781286
3622.197054,0.796911
3623.009591,0.812537
3623.822128,0.812537
3624.603414,0.781286
3625.3847,0.781286
3626.15036,0.76566
3626.900394,0.750034
3627.634803,0.734409
3628.353586,0.718783
3629.087994,0.734409
3629.791152,0.703157
3630.509934,0.718783
3631.228717,0.718783
3631.978752,0.750034
3632.82254,0.843789
3633.494446,0.671906
3634.213229,0.718783
3634.947638,0.734409
3635.697672,0.750034
3636.463332,0.76566
3637.197741,0.734409
3637.900898,0.703157
3638.729061,0.828163
3639.447844,0.718783
3640.197878,0.750034
3640.963538,0.76566
3641.744824,0.781286
3642.447981,0.703157
3643.135512,0.687531
3643.869921,0.734409
3644.744961,0.87504
3645.510621,0.76566
3646.120024,0.609403
3646.995064,0.87504
3647.682595,0.687531
3648.370127,0.687531
3648.97953,0.609403
3649.651436,0.671906
3650.417096,0.76566
3651.16713,0.750034
3651.917164,0.750034
3652.651573,0.734409
3653.370356,0.718783
3660.245671,0.718783
3660.948828,0.703157
3661.683236,0.734409
3662.511399,0.828163
3663.183305,0.671906
3663.870836,0.687531
3664.667748,0.796911
3665.464659,0.796911
3666.3397,0.87504
3670.136748,0.76566
3671.011788,0.87504
3671.746197,0.734409
3672.496231,0.750034
3676.215152,0.796911
3676.933934,0.718783
3677.683969,0.750034
3678.512132,0.828163
3679.340295,0.828163
3680.152832,0.812537
3680.99662,0.843789
3681.809158,0.812537
3682.590443,0.781286
3683.356103,0.76566
3684.137389,0.781286
3684.903049,0.76566
3685.606206,0.703157
3686.340615,0.734409
3687.090649,0.750034
3687.809432,0.718783
3688.528215,0.718783
3689.293875,0.76566
3690.075161,0.781286
3690.825195,0.750034
3691.528352,0.703157
3692.247135,0.718783
3692.99717,0.750034
3693.840958,0.843789
3694.559741,0.718783
3695.278524,0.718783
3695.934804,0.65628
3696.669213,0.734409
3697.341119,0.671906
3698.013024,0.671906
3701.044413,0.671906
3701.74757,0.703157
3706.950933,0.718783
3707.716594,0.76566
3708.466628,0.750034
3709.169785,0.703157
3709.966697,0.796911
3710.607351,0.640654
3711.341759,0.734409
3712.123045,0.781286
3712.857454,0.734409
3713.607488,0.750034
3714.4044,0.796911
3715.091931,0.687531
3715.779463,0.687531
3716.529497,0.750034
3717.217028,0.687531
3717.982688,0.76566
3718.67022,0.687531
3719.357751,0.687531
3720.029657,0.671906
3720.74844,0.718783
3721.467223,0.718783
3722.264134,0.796911
3723.014169,0.750034
3723.732952,0.718783
3727.467498,0.671906
3728.045649,0.578151
3732.905246,0.812537
3733.655281,0.750034
3734.452192,0.796911
3735.202227,0.750034
3735.983512,0.781286
3736.717921,0.734409
3737.483581,0.76566
3738.202364,0.718783
3738.889895,0.687531
3739.655555,0.76566
3740.436841,0.781286
3741.124373,0.687531
3741.82753,0.703157
3742.577564,0.750034
3743.35885,0.781286
3744.108884,0.750034
3744.858919,0.750034
3745.608953,0.750034
3746.358987,0.750034
3747.124647,0.76566
3747.905933,0.781286
3748.687219,0.781286
3749.452879,0.76566
3750.171662,0.718783
3750.937322,0.76566
3751.687356,0.750034
3752.437391,0.750034
3753.140548,0.703157
3753.937459,0.796911
3754.703119,0.76566
3755.421902,0.718783
3756.187562,0.76566
3756.890719,0.703157
3757.625128,0.734409
3758.359537,0.734409
3759.047068,0.687531
3759.781477,0.734409
3760.469008,0.687531
3761.203417,0.734409
3762.03158,0.828163
3762.734737,0.703157
3763.422268,0.687531
3764.187928,0.76566
3764.87546,0.687531
3765.687997,0.812537
3766.391154,0.703157
3767.094311,0.703157
3767.844346,0.750034
3768.500626,0.65628
3769.25066,0.750034
3770.031946,0.781286
3770.750729,0.718783
3771.532015,0.781286
3772.235172,0.703157
3772.953955,0.718783
3773.578983,0.625029
3774.266515,0.687531
3775.094678,0.828163
3775.954092,0.859414
3776.860384,0.906291
3777.672921,0.812537
3778.407329,0.734409
3779.297995,0.890666
3780.048029,0.750034
3780.735561,0.687531
3781.376215,0.640654
3782.173127,0.796911
3782.907535,0.734409
3783.688821,0.781286
3784.657615,0.968794
3788.064021,0.640654
3788.735927,0.671906
3789.329704,0.593777
3789.954733,0.625029
3790.720393,0.76566
3791.454802,0.734409
3792.204836,0.750034
3792.907993,0.703157
3793.579899,0.671906
3794.236179,0.65628
3794.892459,0.65628
3795.673745,0.781286
3796.298773,0.625029
3800.580219,0.859414
3801.377131,0.796911
3802.189668,0.812537
3803.017831,0.828163
3803.767865,0.750034
3810.346291,0.781286
3811.205706,0.859414
3811.893237,0.687531
3812.705774,0.812537
3813.362054,0.65628
3814.205843,0.843789
3814.955877,0.750034
3815.659034,0.703157
3816.346566,0.687531
3817.065349,0.718783
3817.831009,0.76566
3818.51854,0.687531
3819.221698,0.703157
3819.862352,0.640654
3820.674889,0.812537
3821.424923,0.750034
3834.831787,0.828163
3835.628699,0.796911
3836.394359,0.76566
3837.175644,0.781286
3837.925679,0.750034
3838.597584,0.671906
3839.285116,0.687531
3839.92577,0.640654
3840.550799,0.625029
3841.285208,0.734409
3842.097745,0.812537
3842.863405,0.76566
3843.644691,0.781286
3844.472853,0.828163
3845.285391,0.812537
3846.051051,0.76566
3846.785459,0.734409
3847.457365,0.671906
3848.082394,0.625029
3848.754299,0.671906
3849.441831,0.687531
3855.20772,0.812537
3856.004631,0.796911
3856.770291,0.76566
3861.676766,0.796911
3862.442426,0.76566
3863.270589,0.828163
3864.083126,0.812537
3864.864412,0.781286
3865.645698,0.781286
3866.411358,0.76566
3867.192643,0.781286
3867.911426,0.718783
3868.661461,0.750034
3869.380244,0.718783
3870.099026,0.718783
3870.864686,0.76566
3871.661598,0.796911
3877.786878,0.734409
3878.521287,0.734409
3879.365076,0.843789
3880.177613,0.812537
3880.927647,0.750034
3881.740184,0.812537
3882.568347,0.828163
3883.28713,0.718783
3884.084042,0.796911
3884.834076,0.750034
3885.58411,0.750034
3886.34977,0.76566
3887.193559,0.843789
3888.084225,0.890666
3889.006142,0.921917
3889.709299,0.703157
3890.568713,0.859414
3891.490631,0.921917
3892.365671,0.87504
3893.443845,1.078174
3897.022134,0.687531
3897.725291,0.703157
3898.475325,0.750034
3899.272237,0.796911
3900.053523,0.781286
3900.819183,0.76566
3911.413418,0.687531
3912.100949,0.687531
3912.835358,0.734409
3913.726023,0.890666
3914.694818,0.968794
3915.413601,0.718783
3921.913898,0.734409
3922.742061,0.828163
3923.538973,0.796911
3924.289007,0.750034
3925.054667,0.76566
3934.398845,0.718783
3935.18013,0.781286
3935.914539,0.734409
3943.055491,0.687531
3943.774274,0.718783
3944.44618,0.671906
3945.086834,0.640654
3945.852494,0.76566
3956.540483,0.76566
3957.399898,0.859414
3958.134306,0.734409
3962.447004,0.640654
3963.228289,0.781286
3963.931447,0.703157
3968.166015,0.65628
3969.009804,0.843789
3969.68171,0.671906
3970.44737,0.76566
3971.041147,0.593777
3971.775556,0.734409
3972.509964,0.734409
3973.197496,0.687531
3973.916279,0.718783
3974.697564,0.781286
3975.338219,0.640654
3975.994499,0.65628
3984.682396,0.593777
3985.244922,0.562526
3985.869951,0.625029
3994.37034,0.65628
3994.995368,0.625029
3995.589146,0.593777
3996.292303,0.703157
3997.089214,0.796911
3997.823623,0.734409
3998.542406,0.718783
3999.229937,0.687531
3999.964346,0.734409
4000.589375,0.625029
4001.26128,0.671906
4002.02694,0.76566
4002.730098,0.703157
4003.417629,0.687531
4004.167663,0.750034
4004.761441,0.593777
4005.386469,0.625029
4006.136503,0.750034
4006.761532,0.625029
4007.449064,0.687531
4008.199098,0.750034
4008.886629,0.687531
4009.542909,0.65628
4010.277318,0.734409
4010.886721,0.609403
4011.543001,0.65628
4012.339912,0.796911
4012.996192,0.65628
4013.683724,0.687531
4017.230761,0.718783
4021.590336,0.625029
4022.434124,0.843789
4023.043527,0.609403
4023.731059,0.687531
4024.512345,0.781286
4025.106122,0.593777
4025.746776,0.640654
4026.465559,0.718783
4027.184342,0.718783
4027.934376,0.750034
4033.825271,0.593777
4034.637808,0.812537
4035.231585,0.593777
4035.919117,0.687531
4036.6379,0.718783
4037.309805,0.671906
4037.997337,0.687531
4038.669243,0.671906
4039.341148,0.671906
4039.9193,0.578151
4040.591206,0.671906
4041.12248,0.531274
4041.747509,0.625029
4050.591663,0.76566
4051.388575,0.796911
4052.169861,0.781286
4052.951146,0.781286
4053.716806,0.76566
4054.435589,0.718783
4055.185624,0.750034
4055.920032,0.734409
4056.638815,0.718783
4057.341972,0.703157
4058.092007,0.750034
4058.795164,0.703157
4059.513947,0.718783
4063.170364,0.640654
4063.889147,0.718783
4064.49855,0.609403
4065.217333,0.718783
4066.076747,0.859414
4066.842407,0.76566
4067.795576,0.953169
4068.467482,0.671906
4069.155013,0.687531
4069.920673,0.76566
4070.561327,0.640654
4071.186356,0.625029
4071.920765,0.734409
4072.48329,0.562526
4073.108319,0.625029
4073.920856,0.812537
4074.655265,0.734409
4075.452176,0.796911
4076.108456,0.65628
4076.795988,0.687531
4077.624151,0.828163
4078.296057,0.671906
4078.936711,0.640654
4079.764874,0.828163
4080.421154,0.65628
4081.264942,0.843789
4082.046228,0.781286
4087.10896,0.781286
4087.796491,0.687531
4088.499649,0.703157
4089.312186,0.812537
4089.999717,0.687531
4090.593494,0.593777
4091.327903,0.734409
4091.952932,0.625029
4092.562335,0.609403
4093.327995,0.76566
4093.9999,0.671906
4094.828063,0.828163
4097.859452,0.65628
4098.375101,0.515649
4099.125135,0.750034
4099.984549,0.859414
4108.375558,0.687531
4109.047464,0.671906
4109.734996,0.687531
4110.422527,0.687531
4111.094433,0.671906
4111.750713,0.65628
4112.422619,0.671906
4113.094524,0.671906
4113.76643,0.671906
4114.469587,0.703157
4115.18837,0.718783
4115.860276,0.671906
4116.547807,0.687531
4117.235339,0.687531
4125.345085,0.687531
4129.829665,0.718783
4130.5797,0.750034
4131.23598,0.65628
4131.861008,0.625029
4132.65792,0.796911
4133.220446,0.562526
4133.923603,0.703157
4134.689263,0.76566
4135.439297,0.750034
4136.204957,0.76566
4136.939366,0.734409
4137.673774,0.734409
4138.376932,0.703157
4139.033212,0.65628
4139.705117,0.671906
4140.4239,0.718783
4141.111432,0.687531
4141.830215,0.718783
4142.50212,0.671906
4143.252155,0.750034
4143.892809,0.640654
4144.595966,0.703157
4145.408504,0.812537
4146.174164,0.76566
4146.939824,0.76566
4147.705484,0.76566
4148.377389,0.671906
4149.096172,0.718783
4149.752452,0.65628
4150.393107,0.640654
4151.11189,0.718783
4151.674415,0.562526
4152.330695,0.65628
4153.065104,0.734409
4153.721384,0.65628
4154.39329,0.671906
4155.15895,0.76566
4155.768353,0.609403
4156.424633,0.65628
4157.096539,0.671906
4157.752819,0.65628
4158.377847,0.625029
4159.002876,0.625029
4159.627904,0.625029
4160.268559,0.640654
4160.940464,0.671906
4161.61237,0.671906
4162.299902,0.687531
4163.03431,0.734409
4163.784345,0.750034
4164.518753,0.734409
4165.237536,0.718783
4165.956319,0.718783
4166.659476,0.703157
4167.347008,0.687531
4168.003288,0.65628
4168.643942,0.640654
4169.253345,0.609403
4169.893999,0.640654
4170.565905,0.671906
4171.237811,0.671906
4171.956594,0.718783
4172.612874,0.65628
4173.316031,0.703157
4174.097317,0.781286
4174.737971,0.640654
4175.441128,0.703157
4182.597706,0.718783
4183.269612,0.671906
4183.957143,0.687531
4184.613423,0.65628
4185.332206,0.718783
4186.175995,0.843789
4186.95728,0.781286
4187.754192,0.796911
4188.519852,0.76566
4189.254261,0.734409
4189.941792,0.687531
4190.551195,0.609403
4191.144972,0.593777
4191.832504,0.687531
4192.551286,0.718783
4193.270069,0.718783
4194.066981,0.796911
4194.770138,0.703157
4195.473295,0.703157
4196.207704,0.734409
4196.895235,0.687531
4201.03605,0.65628
4201.786084,0.750034
4202.473616,0.687531
4203.176773,0.703157
4203.864304,0.687531
4204.473707,0.609403
4205.08311,0.609403
4205.770642,0.687531
4206.411296,0.640654
4207.067576,0.65628
4207.833236,0.76566
4208.552019,0.718783
4209.380182,0.828163
4210.067713,0.687531
4210.802122,0.734409
4211.583408,0.781286
4212.208436,0.625029
4212.927219,0.718783
4213.599125,0.671906
4214.317908,0.718783
4215.083568,0.76566
4215.880479,0.796911
4216.771145,0.890666
4217.443051,0.671906
4218.099331,0.65628
4218.786862,0.687531
4219.49002,0.703157
4220.208802,0.718783
4220.91196,0.703157
4221.599491,0.687531
4222.302648,0.703157
4223.083934,0.781286
4223.802717,0.718783
4224.552751,0.750034
4225.334037,0.781286
4226.068446,0.734409
4226.771603,0.703157
4227.490386,0.718783
4228.177917,0.687531
4228.849823,0.671906
4229.521729,0.671906
4230.224886,0.703157
4230.959295,0.734409
4231.646826,0.687531
4232.349983,0.703157
4233.084392,0.734409
4233.803175,0.718783
4234.521958,0.718783
4235.225115,0.703157
4235.990775,0.76566
4236.709558,0.718783
4237.475218,0.76566
4238.178375,0.703157
4238.944035,0.76566
4239.537812,0.593777
4240.240969,0.703157
4240.959752,0.718783
4241.66291,0.703157
4242.350441,0.687531
4243.08485,0.734409
4243.725504,0.640654
4244.444287,0.718783
4245.084941,0.640654
4245.772473,0.687531
4246.444378,0.671906
4247.13191,0.687531
4247.803816,0.671906
4248.506973,0.703157
4249.194504,0.687531
4249.86641,0.671906
4250.600819,0.734409
4251.28835,0.687531
4251.960256,0.671906
4252.772793,0.812537
4253.350945,0.578151
4254.038476,0.687531
4254.835387,0.796911
4255.476042,0.640654
4256.147948,0.671906
4256.851105,0.703157
4257.52301,0.671906
4258.179291,0.65628
4258.882448,0.703157
4262.288854,0.687531
4262.960759,0.671906
4266.867188,0.609403
4267.539094,0.671906
4268.132871,0.593777
4268.742274,0.609403
4269.445431,0.703157
4270.086086,0.640654
4270.742366,0.65628
4271.523651,0.781286
4272.304937,0.781286
4273.070597,0.76566
4273.89876,0.828163
4274.55504,0.65628
4275.305074,0.750034
4275.945729,0.640654
4276.586383,0.640654
4277.211412,0.625029
4277.883317,0.671906
4278.461469,0.578151
4279.008369,0.5469
4279.555269,0.5469
4280.102169,0.5469
4283.633581,0.734409
4284.414866,0.781286
4285.180526,0.76566
4285.899309,0.718783
4286.618092,0.718783
4287.305624,0.687531
4288.008781,0.703157
4288.711938,0.703157
4289.352592,0.640654
4290.040124,0.687531
4290.71203,0.671906
4291.337058,0.625029
4296.368539,0.76566
4296.993567,0.625029
4297.759227,0.76566
4298.58739,0.828163
4299.399927,0.812537
4300.22809,0.828163
4300.946873,0.718783
4301.712533,0.76566
4302.400065,0.687531
4303.07197,0.671906
4303.775128,0.703157
4307.165908,0.65628
4307.900316,0.734409
4308.525345,0.625029
4309.306631,0.781286
4310.197297,0.890666
4311.041085,0.843789
4311.884874,0.843789
4312.697411,0.812537
4313.478697,0.781286
4314.275608,0.796911
4314.994391,0.718783
4315.963186,0.968794
4319.135206,0.718783
4319.932117,0.796911
4320.619649,0.687531
4321.385309,0.76566
4322.088466,0.703157
4322.72912,0.640654
4323.447903,0.718783
4324.15106,0.703157
4324.947972,0.796911
4325.823012,0.87504
4326.604298,0.781286
4327.385583,0.781286
4328.151243,0.76566
4328.838775,0.687531
4329.541932,0.703157
4330.213838,0.671906
4330.885744,0.671906
4331.635778,0.750034
4332.276432,0.640654
4348.902193,0.65628
4349.589725,0.687531
4350.277256,0.687531
4351.089793,0.812537
4351.808576,0.718783
4352.527359,0.718783
4353.261768,0.734409
4353.996176,0.734409
4354.730585,0.734409
4355.433742,0.703157
4356.090022,0.65628
4356.808805,0.718783
4357.44946,0.640654
4358.090114,0.640654
4358.793271,0.703157
4359.4183,0.625029
4360.058954,0.640654
4360.793363,0.734409
4361.480894,0.687531
4362.168426,0.687531
4362.91846,0.750034
4363.559114,0.640654
4364.215394,0.65628
4364.949803,0.734409
4365.65296,0.703157
4366.356117,0.703157
4367.137403,0.781286
4367.84056,0.703157
4368.762477,0.921917
4372.153258,0.687531
4372.918918,0.76566
4373.528321,0.609403
4374.168975,0.640654
4374.903383,0.734409
4375.481535,0.578151
4376.106564,0.625029
4376.856598,0.750034
4377.497252,0.640654
4378.200409,0.703157
4378.997321,0.796911
4379.716104,0.718783
4380.403635,0.687531
4381.184921,0.781286
4381.825575,0.640654
4382.450604,0.625029
4383.138135,0.687531
4383.810041,0.671906
4384.497573,0.687531
4385.216356,0.718783
4385.794507,0.578151
4386.419536,0.625029
4395.185562,0.65628
4395.794965,0.609403
4396.419993,0.625029
4397.029396,0.609403
4397.716928,0.687531
4398.482588,0.76566
4399.295125,0.812537
4400.060785,0.76566
4400.873322,0.812537
4401.654608,0.781286
4402.420268,0.76566
4403.139051,0.718783
4403.857834,0.718783
4404.592242,0.734409
4405.2954,0.703157
4406.014183,0.718783
4406.748591,0.734409
4407.498626,0.750034
4408.24866,0.750034
4408.983068,0.734409
4409.764354,0.781286
4410.483137,0.718783
4411.217546,0.734409
4411.951954,0.734409
4412.717614,0.76566
4413.452023,0.734409
4414.217683,0.76566
4415.03022,0.812537
4415.858383,0.828163
4416.655295,0.796911
4417.514709,0.859414
4418.327246,0.812537
4419.139783,0.812537
4419.874192,0.734409
4420.671103,0.796911
4421.405512,0.734409
4422.108669,0.703157
4422.843078,0.734409
4423.561861,0.718783
4424.218141,0.65628
4425.061929,0.843789
4425.890092,0.828163
4429.21837,0.640654
4429.937153,0.718783
4430.593433,0.65628
4431.218461,0.625029
4431.95287,0.734409
4432.656027,0.703157
4433.343559,0.687531
4434.03109,0.687531
4434.671744,0.640654
4435.281147,0.609403
4440.781399,0.718783
4441.500182,0.718783
4442.093959,0.593777
4442.765865,0.671906
4446.859802,0.593777
4447.547334,0.687531
4448.203614,0.65628
4448.828642,0.625029
4454.157011,0.750034
4455.063303,0.906291
4458.516586,0.65628
4459.250994,0.734409
4459.954152,0.703157
4460.641683,0.687531
4463.7512,0.718783
4464.423106,0.671906
4470.814024,0.781286
4471.579684,0.76566
4472.36097,0.781286
4473.111004,0.750034
4473.876664,0.76566
4474.626698,0.750034
4475.407984,0.781286
4476.18927,0.781286
4488.346076,0.703157
4488.955479,0.609403
4489.658636,0.703157
4490.314916,0.65628
4491.033699,0.718783
4491.705605,0.671906
4492.408762,0.703157
4493.096294,0.687531
4493.768199,0.671906
4494.471357,0.703157
4495.19014,0.718783
4495.877671,0.687531
4496.596454,0.718783
4497.237108,0.640654
4497.987143,0.750034
4498.674674,0.687531
4499.409083,0.734409
4500.190368,0.781286
4500.831023,0.640654
4501.487303,0.65628
4502.206086,0.718783
4502.893617,0.687531
4503.6124,0.718783
4504.331183,0.718783
4504.971837,0.640654
4505.659369,0.687531
4506.409403,0.750034
4507.175063,0.76566
4507.9876,0.812537
4508.659506,0.671906
4509.331412,0.671906
4510.081446,0.750034
4510.737726,0.65628
4511.487761,0.750034
4512.222169,0.734409
4512.925326,0.703157
4513.628484,0.703157
4514.362892,0.734409
4515.066049,0.703157
4515.753581,0.687531
4516.472364,0.718783
4517.097392,0.625029
4517.80055,0.703157
4518.519332,0.718783
4519.159987,0.640654
4519.847518,0.687531
4520.581927,0.734409
4521.206955,0.625029
4521.941364,0.734409
4522.72265,0.781286
4523.48831,0.76566
4524.269596,0.781286
4525.12901,0.859414
4525.816541,0.687531
4526.55095,0.734409
4527.269733,0.718783
4528.004142,0.734409
4540.239077,0.687531
4540.95786,0.718783
4541.629765,0.671906
4542.348548,0.718783
4543.004828,0.65628
4543.707985,0.703157
4544.379891,0.671906
4545.051797,0.671906
4545.708077,0.65628
4546.395608,0.687531
4547.114391,0.718783
4547.755046,0.640654
4551.34896,0.703157
4552.145872,0.796911
4552.739649,0.593777
4553.380303,0.640654
4554.020957,0.640654
4554.692863,0.671906
4555.364769,0.671906
4556.114803,0.750034
4559.302449,0.671906
4560.099361,0.796911
4560.755641,0.65628
4561.474424,0.718783
4562.302587,0.828163
4562.974492,0.671906
4563.724527,0.750034
4564.583941,0.859414
4565.302724,0.718783
4565.97463,0.671906
4566.74029,0.76566
4567.365318,0.625029
4568.021598,0.65628
4568.787258,0.76566
4569.396661,0.609403
4570.037316,0.640654
4570.740473,0.703157
4571.381127,0.640654
4572.053033,0.671906
4572.849944,0.796911
4573.568727,0.718783
4574.365639,0.796911
4575.240679,0.87504
4575.959462,0.718783
4576.818876,0.859414
4577.506407,0.687531
4578.22519,0.718783
4578.99085,0.76566
4579.75651,0.76566
4580.459668,0.703157
4581.162825,0.703157
4581.850356,0.687531
4582.522262,0.671906
4583.194168,0.671906
4583.881699,0.687531
4584.553605,0.671906
4585.209885,0.65628
4585.819288,0.609403
4586.428691,0.609403
4600.929355,0.718783
4601.695015,0.76566
4602.445049,0.750034
4603.132581,0.687531
4603.898241,0.76566
4604.695152,0.796911
4605.351432,0.65628
4606.007712,0.65628
4606.788998,0.781286
4607.429652,0.640654
4608.132809,0.703157
4608.804715,0.671906
4609.507872,0.703157
4610.336035,0.828163
4611.08607,0.750034
4611.804852,0.718783
4612.586138,0.781286
4613.242418,0.65628
4613.92995,0.687531
4614.523727,0.593777
4615.180007,0.65628
4615.930041,0.750034
4616.758204,0.828163
4617.64887,0.890666
4618.41453,0.76566
4619.148939,0.734409
4619.930224,0.781286
4620.695884,0.76566
4621.445919,0.750034
4622.289707,0.843789
4623.070993,0.781286
4623.789776,0.718783
4624.492933,0.703157
4625.117962,0.625029
4625.867996,0.750034
4626.539902,0.671906
4627.321188,0.781286
4627.977468,0.65628
4628.696251,0.718783
4629.352531,0.65628
4629.993185,0.640654
4630.680717,0.687531
4631.493254,0.812537
4632.258914,0.76566
4633.055825,0.796911
4633.774608,0.718783
4634.555894,0.781286
4635.290303,0.734409
4635.930957,0.640654
4636.571611,0.640654
4637.274768,0.703157
4637.931048,0.65628
4638.759211,0.828163
4639.49362,0.734409
4640.25928,0.76566
4641.087443,0.828163
4641.743723,0.65628
4642.493757,0.750034
4643.243792,0.750034
4643.946949,0.703157
4644.618855,0.671906
4645.431392,0.812537
4646.103297,0.671906
4646.775203,0.671906
4647.36898,0.593777
4648.119015,0.750034
4648.822172,0.703157
4649.603458,0.781286
4650.384743,0.781286
4651.166029,0.781286
4651.931689,0.76566
4652.666098,0.734409
4653.369255,0.703157
4654.088038,0.718783
4654.806821,0.718783
4655.494352,0.687531
4656.19751,0.703157
4656.885041,0.687531
4657.556947,0.671906
4658.213227,0.65628
4658.900758,0.687531
4659.557038,0.65628
4660.182067,0.625029
4660.775844,0.593777
4661.400873,0.625029
4662.119656,0.718783
4662.775936,0.65628
4663.463467,0.687531
4664.150999,0.687531
4669.338736,0.65628
4670.073145,0.734409
4670.682548,0.609403
4671.370079,0.687531
4672.135739,0.76566
4672.854522,0.718783
4673.573305,0.718783
4674.307714,0.734409
4674.963994,0.65628
4675.667151,0.703157
4676.354682,0.687531
4677.026588,0.671906
4677.792248,0.76566
4678.511031,0.718783
4679.198562,0.687531
4680.042351,0.843789
4680.745508,0.703157
4681.511168,0.76566
4682.41746,0.906291
4683.058114,0.640654
4683.761271,0.703157
4684.49568,0.734409
4685.167586,0.671906
4685.80824,0.640654
4686.511397,0.703157
4687.183303,0.671906
4687.902086,0.718783
4688.683372,0.781286
4689.41778,0.734409
4695.871201,0.671906
4696.589983,0.718783
4697.183761,0.593777
4697.855666,0.671906
4698.558824,0.703157
4699.355735,0.796911
4700.090144,0.734409
4700.902681,0.812537
4701.668341,0.76566
4702.355872,0.687531
4703.012152,0.65628
4703.746561,0.734409
4704.434093,0.687531
4705.152875,0.718783
4705.856033,0.703157
4718.762873,0.687531
4719.528533,0.76566
4720.450451,0.921917
4723.888108,0.718783
4724.638142,0.750034
4725.356925,0.718783
4726.185088,0.828163
4726.935122,0.750034
4727.669531,0.734409
4728.40394,0.734409
4729.122723,0.718783
4729.82588,0.703157
4730.497786,0.671906
4731.200943,0.703157
4731.841597,0.640654
4732.482251,0.640654
4733.169783,0.687531
4733.904191,0.734409
4734.6386,0.734409
4735.451137,0.812537
4736.154294,0.703157
4736.857452,0.703157
4737.607486,0.750034
4738.201263,0.593777
4738.857543,0.65628
4739.576326,0.718783
4740.170103,0.593777
4740.795132,0.625029
4741.498289,0.703157
4742.170195,0.671906
4742.904603,0.734409
4743.748392,0.843789
4744.529678,0.781286
4745.279712,0.750034
4745.998495,0.718783
4753.889481,0.750034
4754.84265,0.953169
4755.561433,0.718783
4758.842833,0.734409
4759.467862,0.625029
4765.108745,0.781286
4765.890031,0.781286
4766.624439,0.734409
4767.452602,0.828163
4777.484311,0.625029
4778.10934,0.625029
4778.875,0.76566
4779.500029,0.625029
4780.140683,0.640654
4780.812589,0.671906
4781.531372,0.718783
4782.218903,0.687531
4782.906435,0.687531
4783.625217,0.718783
4784.203369,0.578151
4784.844023,0.640654
4785.562806,0.718783
4786.20346,0.640654
4786.890992,0.687531
4787.672278,0.781286
4788.422312,0.750034
4792.703758,0.65628
4793.406915,0.703157
4794.078821,0.671906
4794.766352,0.687531
4799.18843,0.750034
4799.922838,0.734409
4800.672873,0.750034
4801.407281,0.734409
4802.157316,0.750034
4802.829221,0.671906
4803.516753,0.687531
4804.094904,0.578151
4804.751184,0.65628
4805.376213,0.625029
4815.361045,0.640654
4816.220459,0.859414
4819.329977,0.625029
4819.93938,0.609403
4827.252214,0.65628
4827.986623,0.734409
4828.767909,0.781286
4829.486692,0.718783
4830.236726,0.750034
4830.971135,0.734409
4831.689918,0.718783
4832.424326,0.734409
4833.143109,0.718783
4833.846266,0.703157
4834.549423,0.703157
4835.205703,0.65628
4835.861984,0.65628
4836.533889,0.671906
4837.252672,0.718783
4837.987081,0.734409
4838.674612,0.687531
4839.409021,0.734409
4840.174681,0.76566
4840.877838,0.703157
4841.721627,0.843789
4842.362281,0.640654
4843.081064,0.718783
4843.815473,0.734409
4844.456127,0.640654
4845.112407,0.65628
4845.784313,0.671906
4846.48747,0.703157
4847.315633,0.828163
4848.081293,0.76566
4848.846953,0.76566
4849.721993,0.87504
4850.472027,0.750034
4855.519133,0.828163
4856.191039,0.671906
4857.003576,0.812537
4857.675482,0.671906
4858.472394,0.796911
4859.331808,0.859414
4860.081842,0.750034
4860.956882,0.87504
4861.628788,0.671906
4862.363197,0.734409
4863.097605,0.734409
4863.800762,0.703157
4864.535171,0.734409
4865.300831,0.76566
4865.972737,0.671906
4866.738397,0.76566
4867.425928,0.687531
4868.175963,0.750034
4868.925997,0.750034
4869.660406,0.734409
4870.488569,0.828163
4871.238603,0.750034
4871.973011,0.734409
4872.848052,0.87504
4873.613712,0.76566
4874.363746,0.750034
4875.051277,0.687531
4875.910692,0.859414
4876.551346,0.640654
4877.30138,0.750034
4878.098292,0.796911
4878.8327,0.734409
4879.707741,0.87504
4880.379646,0.671906
4881.051552,0.671906
4881.879715,0.828163
4887.692481,0.734409
4888.411264,0.718783
4889.145673,0.734409
4889.864455,0.718783
4890.61449,0.750034
4891.317647,0.703157
4892.005178,0.687531
4892.69271,0.687531
4893.380241,0.687531
4894.067773,0.687531
4894.833433,0.76566
4895.583467,0.750034
4903.318196,0.843789
4904.146359,0.828163
4914.959354,0.781286
4915.725014,0.76566
4916.5063,0.781286
4917.303211,0.796911
4918.147,0.843789
4918.897034,0.750034
4919.693946,0.796911
4920.490857,0.796911
4921.287769,0.796911
4922.053429,0.76566
4922.912843,0.859414
4923.772258,0.859414
4924.616046,0.843789
4925.412958,0.796911
4926.241121,0.828163
4927.084909,0.843789
4927.928698,0.843789
4928.741235,0.812537
4929.553772,0.812537
4930.428812,0.87504
4931.256975,0.828163
4932.022635,0.76566
4932.850798,0.828163
4933.694587,0.843789
4934.507124,0.812537
4935.335287,0.828163
4936.225953,0.890666
4937.116618,0.890666
4937.960407,0.843789
4938.772944,0.812537
4939.632359,0.859414
4940.491773,0.859414
4941.30431,0.812537
4942.132473,0.828163
4942.991887,0.859414
4943.835676,0.843789
4944.648213,0.812537
4945.492002,0.843789
4946.351416,0.859414
4947.148328,0.796911
4947.851485,0.703157
4948.648396,0.796911
4949.460933,0.812537
4950.226593,0.76566
4951.039131,0.812537
4951.914171,0.87504
4952.742334,0.828163
4953.523619,0.781286
4954.367408,0.843789
4955.211197,0.843789
4956.008108,0.796911
4956.758142,0.750034
4957.539428,0.781286
4958.320714,0.781286
4959.086374,0.76566
4959.883286,0.796911
4960.711448,0.828163
4961.523986,0.812537
4962.320897,0.796911
4963.117809,0.796911
4963.945971,0.828163
4964.727257,0.781286
4965.524169,0.796911
4966.367957,0.843789
4967.227372,0.859414
4968.008657,0.781286
4968.83682,0.828163
4969.680609,0.843789
4970.524398,0.843789
4971.336935,0.812537
4972.149472,0.812537
4972.946383,0.796911
4973.727669,0.781286
4974.493329,0.76566
4975.274615,0.781286
4976.040275,0.76566
4976.743432,0.703157
4977.493467,0.750034
4978.290378,0.796911
4979.08729,0.796911
4979.868575,0.781286
4980.696738,0.828163
4981.49365,0.796911
4982.274935,0.781286
4983.056221,0.781286
4983.868758,0.812537
4984.66567,0.796911
4985.384453,0.718783
4986.118861,0.734409
4986.868896,0.750034
4987.61893,0.750034
4988.353339,0.734409
4989.15025,0.796911
4989.947162,0.796911
4990.665945,0.718783
4991.400353,0.734409
4992.134762,0.734409
4992.900422,0.76566
4993.63483,0.734409
4994.447368,0.812537
4995.259905,0.812537
4996.041191,0.781286
4996.791225,0.750034
4997.541259,0.750034
4998.275668,0.734409
4999.010077,0.734409
4999.728859,0.718783
5000.447642,0.718783
5001.228928,0.781286
5001.947711,0.718783
5002.697745,0.750034
5003.479031,0.781286
5004.229065,0.750034
5005.010351,0.781286
5005.822888,0.812537
5006.635426,0.812537
5007.463588,0.828163
5008.307377,0.843789
5009.119914,0.812537
5009.838697,0.718783
5010.55748,0.718783
5011.291889,0.734409
5012.073174,0.781286
5012.776332,0.703157
5013.495115,0.718783
5014.198272,0.703157
5014.979558,0.781286