2583340808, IBI
1435.393829,0.375017
1435.878226,0.484397
1436.393875,0.515649
1436.909523,0.515649
1442.675412,0.640654
1476.05194,0.343766
1522.03842,0.671906
1556.993145,0.421894
1562.102754,0.390643
1663.232383,0.87504
1664.201178,0.968794
1665.169972,0.968794
1666.185643,1.015671
1667.076309,0.890666
1667.998226,0.921917
1668.935769,0.937543
1669.998318,1.062549
1670.935861,0.937543
1676.529867,1.046923
1677.404907,0.87504
1678.404953,1.000046
1679.389373,0.98442
1680.248787,0.859414
1681.092576,0.843789
1682.17075,1.078174
1683.077042,0.906291
1683.952082,0.87504
1684.873999,0.921917
1685.639659,0.76566
1686.608453,0.968794
1687.592873,0.98442
1688.546042,0.953169
1689.452333,0.906291
1690.514882,1.062549
1691.389922,0.87504
1692.374342,0.98442
1697.530828,0.781286
1698.374617,0.843789
1699.359037,0.98442
1700.124697,0.76566
1700.905983,0.781286
1701.593514,0.687531
1702.359174,0.76566
1703.109209,0.750034
1703.874869,0.76566
1704.624903,0.750034
1708.359449,0.921917
1709.312618,0.953169
1710.172032,0.859414
1711.078323,0.906291
1712.125246,1.046923
1713.015912,0.890666
1713.984706,0.968794
1714.906624,0.921917
1715.750412,0.843789
1716.562949,0.812537
1717.359861,0.796911
1718.266152,0.906291
1719.156818,0.890666
1719.984981,0.828163
1720.985027,1.000046
1721.969447,0.98442
1722.813236,0.843789
1723.813281,1.000046
1724.782076,0.968794
1725.610239,0.828163
1726.344647,0.734409
1727.188436,0.843789
1728.172856,0.98442
1728.891639,0.718783
1729.657299,0.76566
1730.469836,0.812537
1734.938791,0.98442
1735.985713,1.046923
1736.892005,0.906291
1737.720168,0.828163
1738.595208,0.87504
1739.376494,0.781286
1740.095277,0.718783
1740.939065,0.843789
1741.939111,1.000046
1743.00166,1.062549
1744.064208,1.062549
1744.892371,0.828163
1745.642406,0.750034
1746.517446,0.87504
1747.314357,0.796911
1748.220649,0.906291
1749.048811,0.828163
1749.970729,0.921917
1751.033277,1.062549
1752.095826,1.062549
1753.174,1.078174
1754.080292,0.906291
1754.955332,0.87504
1755.924126,0.968794
1757.033552,1.109426
1758.017972,0.98442
1758.908638,0.890666
1759.924309,1.015671
1760.971232,1.046923
1761.783769,0.812537
1762.643184,0.859414
1763.408844,0.76566
1764.362012,0.953169
1765.299555,0.937543
1766.143344,0.843789
1767.065261,0.921917
1768.12781,1.062549
1769.080978,0.953169
1769.956018,0.87504
1770.909187,0.953169
1771.831104,0.921917
1772.61239,0.781286
1773.48743,0.87504
1774.47185,0.98442
1775.331264,0.859414
1776.315685,0.98442
1777.346982,1.031297
1778.222022,0.87504
1779.112688,0.890666
1780.034605,0.921917
1780.972148,0.937543
1786.597405,0.859414
1787.534948,0.937543
1788.628748,1.0938
1789.472537,0.843789
1790.285074,0.812537
1791.300745,1.015671
1792.191411,0.890666
1793.160206,0.968794
1794.222754,1.062549
1795.160297,0.937543
1796.160343,1.000046
1797.08226,0.921917
1798.004177,0.921917
1798.957346,0.953169
1799.848012,0.890666
1800.941812,1.0938
1802.019986,1.078174
1803.301295,1.281309
1811.582924,0.734409
1812.536093,0.953169
1813.34863,0.812537
1814.33305,0.98442
1820.614587,0.87504
1821.520879,0.906291
1822.520925,1.000046
1823.489719,0.968794
1824.317882,0.828163
1825.099168,0.781286
1826.067962,0.968794
1827.146136,1.078174
1828.114931,0.968794
1829.146228,1.031297
1830.161899,1.015671
1831.130694,0.968794
1832.021359,0.890666
1833.021405,1.000046
1833.9902,0.968794
1834.912117,0.921917
1835.95904,1.046923
1837.037214,1.078174
1838.006008,0.968794
1839.006054,1.000046
1840.068603,1.062549
1840.974894,0.906291
1841.990566,1.015671
1842.912483,0.921917
1843.818774,0.906291
1844.81882,1.000046
1845.881369,1.062549
1846.834538,0.953169
1847.865835,1.031297
1848.693998,0.828163
1849.584663,0.890666
1850.584709,1.000046
1851.459749,0.87504
1852.319164,0.859414
1853.147326,0.828163
1853.866109,0.718783
1854.709898,0.843789
1866.397933,0.906291
1867.335476,0.937543
1868.148013,0.812537
1869.023053,0.87504
1869.94497,0.921917
1870.882513,0.937543
1871.976313,1.0938
1877.257805,0.921917
1878.273477,1.015671
1898.165012,1.031297
1899.055678,0.890666
1899.977595,0.921917
1900.946389,0.968794
1901.758926,0.812537
1902.555838,0.796911
1903.462129,0.906291
1904.509052,1.046923
1913.165699,0.812537
1913.775101,0.609403
1918.915962,0.859414
1942.417038,1.015671
1943.557715,1.140677
1944.510884,0.953169
1945.526555,1.015671
1946.479724,0.953169
1947.401641,0.921917
1948.386061,0.98442
1954.136324,0.87504
1954.995739,0.859414
1970.840214,0.812537
1971.699628,0.859414
1972.809054,1.109426
1973.605965,0.796911
1981.278192,0.718783
1982.246986,0.968794
1998.028958,1.125051
1998.903998,0.87504
2051.515782,0.796911
2052.328319,0.812537
2053.093979,0.76566
2053.922142,0.828163
2054.844059,0.921917
2055.640971,0.796911
2056.469134,0.828163
2057.375425,0.906291
2058.422348,1.046923
2066.313334,1.140677
2072.563621,0.843789
2073.579292,1.015671
2074.454332,0.87504
2075.407501,0.953169
2076.438798,1.031297
2077.423218,0.98442
2078.329509,0.906291
2079.345181,1.015671
2080.204595,0.859414
2081.032758,0.828163
2081.82967,0.796911
2082.751587,0.921917
2083.68913,0.937543
2084.532918,0.843789
2085.501713,0.968794
2086.53301,1.031297
2087.533056,1.000046
2088.423722,0.890666
2089.26751,0.843789
2090.126925,0.859414
2091.111345,0.98442
2092.189519,1.078174
2093.42395,1.234432
2106.643306,1.078174
2107.705854,1.062549
2108.59652,0.890666
2109.596566,1.000046
2110.471606,0.87504
2111.393523,0.921917
2112.377943,0.98442
2113.346738,0.968794
2114.253029,0.906291
2115.299952,1.046923
2116.331249,1.031297
2117.206289,0.87504
2118.206335,1.000046
2119.065749,0.859414
2120.018918,0.953169
2120.878332,0.859414
2121.878378,1.000046
2122.690915,0.812537
2123.737838,1.046923
2124.722258,0.98442
2125.503544,0.781286
2126.409836,0.906291
2127.394256,0.98442
2128.238044,0.843789
2129.066207,0.828163
2130.050627,0.98442
2135.972773,0.906291
2136.754059,0.781286
2137.535345,0.781286
2138.394759,0.859414
2139.301051,0.906291
2140.097962,0.796911
2140.894874,0.796911
2141.785539,0.890666
2142.644954,0.859414
2143.426239,0.781286
2144.254402,0.828163
2145.270074,1.015671
2146.223243,0.953169
2146.988903,0.76566
2147.754563,0.76566
2148.520223,0.76566
2149.379637,0.859414
2150.301554,0.921917
2151.098466,0.796911
2151.973506,0.87504
2153.004803,1.031297
2153.848592,0.843789
2154.676754,0.828163
2155.489292,0.812537
2156.411209,0.921917
2157.458132,1.046923
2161.473941,0.859414
2162.317729,0.843789
2163.270898,0.953169
2164.130312,0.859414
2165.255364,1.125051
2189.897117,1.000046
2190.850285,0.953169
2191.647197,0.796911
2192.631617,0.98442
2193.397277,0.76566
2194.350446,0.953169
2195.334866,0.98442
2196.209906,0.87504
2197.100571,0.890666
2198.05374,0.953169
2199.006909,0.953169
2199.897574,0.890666
2200.78824,0.890666
2201.710157,0.921917
2202.522695,0.812537
2203.30398,0.781286
2209.648021,0.953169
2210.491809,0.843789
2211.460604,0.968794
2212.257515,0.796911
2213.195058,0.937543
2214.148227,0.953169
2214.992015,0.843789
2215.913933,0.921917
2216.867101,0.953169
2217.726516,0.859414
2218.617181,0.890666
2219.617227,1.000046
2220.55477,0.937543
2221.382933,0.828163
2222.351727,0.968794
2223.17989,0.828163
2224.117433,0.937543
2234.524159,0.734409
2235.305445,0.781286
2236.071105,0.76566
2236.805514,0.734409
2237.618051,0.812537
2246.22782,0.87504
2247.055983,0.828163
2247.821643,0.76566
2248.649806,0.828163
2249.587349,0.937543
2250.509266,0.921917
2251.36868,0.859414
2252.337475,0.968794
2253.353146,1.015671
2254.243812,0.890666
2255.181355,0.937543
2256.197026,1.015671
2257.056441,0.859414
2257.915855,0.859414
2258.915901,1.000046
2259.806567,0.890666
2260.63473,0.828163
2261.666027,1.031297
2262.587944,0.921917
2263.431733,0.843789
2264.431778,1.000046
2265.33807,0.906291
2266.21311,0.87504
2267.135027,0.921917
2268.103822,0.968794
2268.916359,0.812537
2269.885153,0.968794
2270.900825,1.015671
2271.822742,0.921917
2272.869665,1.046923
2273.838459,0.968794
2274.729125,0.890666
2275.729171,1.000046
2276.651088,0.921917
2277.510502,0.859414
2278.479296,0.968794
2279.291834,0.812537
2280.135622,0.843789
2281.073165,0.937543
2281.979457,0.906291
2282.682614,0.703157
2289.073531,0.859414
2290.042326,0.968794
2290.870489,0.828163
2291.683026,0.812537
2292.683072,1.000046
2311.012036,0.843789
2311.98083,0.968794
2312.918373,0.937543
2323.075088,0.843789
2323.981379,0.906291
2324.997051,1.015671
2325.840839,0.843789
2326.778382,0.937543
2327.794054,1.015671
2328.68472,0.890666
2329.544134,0.859414
2330.54418,1.000046
2331.466097,0.921917
2332.388014,0.921917
2333.247428,0.859414
2334.231848,0.98442
2335.044386,0.812537
2335.919426,0.87504
2336.856969,0.937543
2337.669506,0.812537
2347.857472,0.906291
2348.701261,0.843789
2349.576301,0.87504
2350.498218,0.921917
2351.326381,0.828163
2352.263924,0.937543
2353.201467,0.937543
2353.967127,0.76566
2354.920295,0.953169
2355.842213,0.921917
2382.484057,1.015671
2383.343472,0.859414
2384.140383,0.796911
2384.984172,0.843789
2385.93734,0.953169
2386.906135,0.968794
2387.734298,0.828163
2388.843723,1.109426
2405.469484,0.76566
2406.36015,0.890666
2407.313319,0.953169
2408.266487,0.953169
2409.157153,0.890666
2416.735625,0.625029
2417.329402,0.593777
2418.079437,0.750034
2418.829471,0.750034
2419.688885,0.859414
2420.626428,0.937543
2421.673351,1.046923
2422.610894,0.937543
2423.626565,1.015671
2429.2987,0.76566
2444.90879,0.843789
2445.721327,0.812537
2446.674495,0.953169
2447.627664,0.953169
2448.549581,0.921917
2449.362118,0.812537
2450.252784,0.890666
2451.14345,0.890666
2452.049742,0.906291
2452.877904,0.828163
2453.799822,0.921917
2454.815493,1.015671
2455.753036,0.937543
2456.659328,0.906291
2457.424988,0.76566
2477.707166,0.843789
2491.614053,1.062549
2492.42659,0.812537
2493.317255,0.890666
2494.192296,0.87504
2495.301721,1.109426
2496.114259,0.812537
2497.176807,1.062549
2501.50513,0.812537
2502.473925,0.968794
2503.427093,0.953169
2504.45839,1.031297
2508.630456,0.812537
2509.599251,0.968794
2510.443039,0.843789
2511.427459,0.98442
2512.380628,0.953169
2513.224417,0.843789
2514.146334,0.921917
2515.037,0.890666
2515.833911,0.796911
2516.693326,0.859414
2517.693371,1.000046
2518.53716,0.843789
2519.380949,0.843789
2520.412246,1.031297
2521.318537,0.906291
2522.240454,0.921917
2523.271752,1.031297
2524.084289,0.812537
2525.068709,0.98442
2526.100006,1.031297
2532.412795,1.078174
2536.678615,0.890666
2537.569281,0.890666
2538.569327,1.000046
2539.39749,0.828163
2540.256904,0.859414
2541.241324,0.98442
2542.210119,0.968794
2543.069533,0.859414
2544.116456,1.046923
2545.038373,0.921917
2545.991542,0.953169
2547.085342,1.0938
2547.913505,0.828163
2548.91355,1.000046
2560.242194,0.734409
2560.929725,0.687531
2561.804765,0.87504
2562.632928,0.828163
2563.476717,0.843789
2564.211126,0.734409
2564.992411,0.781286
2565.867451,0.87504
2566.679989,0.812537
2567.539403,0.859414
2568.445694,0.906291
2569.430115,0.98442
2570.273903,0.843789
2571.164569,0.890666
2572.117738,0.953169
2572.914649,0.796911
2573.633432,0.718783
2574.508472,0.87504
2578.008632,0.796911
2578.946175,0.937543
2579.914969,0.968794
2585.102707,0.953169
2586.118378,1.015671
2587.009044,0.890666
2587.884084,0.87504
2588.899756,1.015671
2590.009181,1.109426
2596.712613,0.87504
2597.728285,1.015671
2598.712705,0.98442
2599.556494,0.843789
2600.556539,1.000046
2604.353588,0.921917
2605.306757,0.953169
2606.166171,0.859414
2607.275597,1.109426
2608.338145,1.062549
2615.885366,1.0938
2620.401198,0.953169
2621.416869,1.015671
2622.416915,1.000046
2623.213826,0.796911
2624.292001,1.078174
2628.901587,0.98442
2629.776627,0.87504
2630.792298,1.015671
2631.823596,1.031297
2632.68301,0.859414
2633.66743,0.98442
2634.636224,0.968794
2635.511264,0.87504
2636.464433,0.953169
2655.012157,0.890666
2656.027828,1.015671
2656.949746,0.921917
2657.856037,0.906291
2658.79358,0.937543
2659.762374,0.968794
2660.606163,0.843789
2661.621835,1.015671
2662.606255,0.98442
2663.512546,0.906291
2671.434784,0.812537
2672.247321,0.812537
2673.09111,0.843789
2674.106781,1.015671
2674.981821,0.87504
2675.966241,0.98442
2676.981913,1.015671
2682.794679,0.98442
2683.732222,0.937543
2684.716642,0.98442
2685.77919,1.062549
2689.873128,0.750034
2690.748168,0.87504
2696.279671,0.796911
2697.154711,0.87504
2698.186008,1.031297
2699.014171,0.828163
2699.920463,0.906291
2700.998637,1.078174
2701.967431,0.968794
2702.81122,0.843789
2703.936271,1.125051
2704.842563,0.906291
2706.014492,1.171929
2712.874181,0.843789
2713.889852,1.015671
2714.655512,0.76566
2723.296533,0.921917
2724.296578,1.000046
2730.140596,0.890666
2731.00001,0.859414
2731.843799,0.843789
2746.625726,0.796911
2747.438263,0.812537
2748.297677,0.859414
2749.313349,1.015671
2764.032772,0.98442
2769.454895,1.109426
2778.611565,0.671906
2779.361599,0.750034
2780.142885,0.781286
2781.064802,0.921917
2781.830462,0.76566
2782.611748,0.781286
2783.518039,0.906291
2784.408705,0.890666
2785.252494,0.843789
2786.065031,0.812537
2787.002574,0.937543
2787.971368,0.968794
2788.908911,0.937543
2789.7527,0.843789
2790.690243,0.937543
2791.690288,1.000046
2792.59658,0.906291
2793.455994,0.859414
2794.471666,1.015671
2795.518589,1.046923
2796.409254,0.890666
2797.346797,0.937543
2798.424972,1.078174
2799.456269,1.031297
2800.378186,0.921917
2801.425109,1.046923
2802.518909,1.0938
2803.472078,0.953169
2804.409621,0.937543
2805.519046,1.109426
2806.487841,0.968794
2807.316004,0.828163
2808.222295,0.906291
2809.253592,1.031297
2810.238012,0.98442
2811.15993,0.921917
2812.284981,1.125051
2813.378781,1.0938
2814.347575,0.968794
2815.347621,1.000046
2816.347667,1.000046
2817.207081,0.859414
2818.175876,0.968794
2819.050916,0.87504
2819.80095,0.750034
2820.629113,0.828163
2821.582282,0.953169
2822.472947,0.890666
2823.457367,0.98442
2824.519916,1.062549
2825.441833,0.921917
2826.426253,0.98442
2827.457551,1.031297
2828.332591,0.87504
2829.285759,0.953169
2830.301431,1.015671
2831.223348,0.921917
2832.145265,0.921917
2833.176562,1.031297
2834.129731,0.953169
2835.098525,0.968794
2836.129822,1.031297
2837.082991,0.953169
2837.973657,0.890666
2838.989328,1.015671
2839.973748,0.98442
2840.786286,0.812537
2841.848834,1.062549
2842.911383,1.062549
2843.848926,0.937543
2844.895849,1.046923
2845.91152,1.015671
2846.802186,0.890666
2847.739729,0.937543
2848.724149,0.98442
2849.599189,0.87504
2850.567983,0.968794
2851.568029,1.000046
2852.427444,0.859414
2853.443115,1.015671
2854.505664,1.062549
2865.646799,1.015671
2870.522022,0.750034
2871.318933,0.796911
2872.100219,0.781286
2872.850253,0.750034
2873.522159,0.671906
2874.287819,0.76566
2875.115982,0.828163
2875.897268,0.781286
2876.647302,0.750034
2877.397336,0.750034
2878.225499,0.828163
2879.147417,0.921917
2879.944328,0.796911
2880.788117,0.843789
2881.710034,0.921917
2882.647577,0.937543
2883.506991,0.859414
2884.397657,0.890666
2885.397703,1.000046
2886.413374,1.015671
2887.272789,0.859414
2888.257209,0.98442
2889.319757,1.062549
2890.241674,0.921917
2891.085463,0.843789
2892.101135,1.015671
2893.163683,1.062549
2894.069975,0.906291
2895.101272,1.031297
2896.05444,0.953169
2919.946159,1.062549
2920.899328,0.953169
2925.446411,0.937543
2946.306741,0.953169
2950.697567,0.890666
2951.541355,0.843789
2952.603904,1.062549
2953.697704,1.0938
2966.932685,0.750034
2973.307977,0.812537
2974.13614,0.828163
2975.136185,1.000046
3009.356502,0.750034
3010.169039,0.812537
3010.96595,0.796911
3029.326166,0.87504
3030.279335,0.953169
3031.263755,0.98442
3032.170046,0.906291
3033.013835,0.843789
3033.920126,0.906291
3034.920172,1.000046
3035.935843,1.015671
3036.795258,0.859414
3037.654672,0.859414
3038.639092,0.98442
3039.670389,1.031297
3040.639184,0.968794
3041.623604,0.98442
3042.686152,1.062549
3043.811204,1.125051
3044.795624,0.98442
3045.90505,1.109426
3046.967598,1.062549
3047.936393,0.968794
3048.827059,0.890666
3049.780227,0.953169
3050.82715,1.046923
3051.827196,1.000046
3052.702236,0.87504
3053.717907,1.015671
3054.780456,1.062549
3055.843005,1.062549
3056.702419,0.859414
3057.639962,0.937543
3058.718136,1.078174
3059.686931,0.968794
3060.483842,0.796911
3061.452636,0.968794
3062.468308,1.015671
3063.483979,1.015671
3064.35902,0.87504
3065.405942,1.046923
3066.484117,1.078174
3067.374783,0.890666
3068.202945,0.828163
3069.202991,1.000046
3070.234288,1.031297
3071.124954,0.890666
3072.125,1.000046
3073.2188,1.0938
3074.171969,0.953169
3075.093886,0.921917
3076.093932,1.000046
3077.078352,0.98442
3077.92214,0.843789
3078.812806,0.890666
3079.797226,0.98442
3080.656641,0.859414
3081.562932,0.906291
3082.609855,1.046923
3083.594275,0.98442
3084.469315,0.87504
3085.391232,0.921917
3086.328775,0.937543
3087.125687,0.796911
3087.985101,0.859414
3088.875767,0.890666
3089.844561,0.968794
3090.625847,0.781286
3091.407133,0.781286
3092.344676,0.937543
3093.31347,0.968794
3094.094756,0.781286
3095.079176,0.98442
3096.141724,1.062549
3096.985513,0.843789
3097.876179,0.890666
3098.907476,1.031297
3099.860645,0.953169
3103.892079,0.781286
3104.798371,0.906291
3110.017359,1.078174
3110.876774,0.859414
3122.861697,0.953169
3123.658609,0.796911
3124.705532,1.046923
3125.54932,0.843789
3126.471238,0.921917
3127.283775,0.812537
3128.315072,1.031297
3129.236989,0.921917
3130.033901,0.796911
3130.799561,0.76566
3131.815232,1.015671
3137.11235,0.953169
3137.956138,0.843789
3138.768676,0.812537
3139.706218,0.937543
3140.72189,1.015671
3141.690684,0.968794
3145.956505,0.796911
3146.675287,0.718783
3157.566411,0.859414
3158.644585,1.078174
3159.519625,0.87504
3160.425917,0.906291
3161.47284,1.046923
3162.410383,0.937543
3163.3323,0.921917
3164.301094,0.968794
3165.30114,1.000046
3166.129303,0.828163
3167.129349,1.000046
3168.207523,1.078174
3169.285697,1.078174
3170.098235,0.812537
3177.832964,1.046923
3178.801758,0.968794
3179.59867,0.796911
3180.520587,0.921917
3181.473755,0.953169
3182.395673,0.921917
3183.348841,0.953169
3184.255133,0.906291
3185.270804,1.015671
3186.177096,0.906291
3187.130264,0.953169
3188.036556,0.906291
3188.817842,0.781286
3189.911642,1.0938
3190.786682,0.87504
3191.708599,0.921917
3192.677393,0.968794
3193.646188,0.968794
3194.489976,0.843789
3195.458771,0.968794
3196.396313,0.937543
3197.224476,0.828163
3198.177645,0.953169
3199.162065,0.98442
3199.943351,0.781286
3200.834017,0.890666
3201.709057,0.87504
3202.677851,0.968794
3203.568517,0.890666
3204.552937,0.98442
3205.396725,0.843789
3206.271765,0.87504
3207.256186,0.98442
3208.053097,0.796911
3209.021891,0.968794
3209.990686,0.968794
3210.803223,0.812537
3211.897023,1.0938
3212.897069,1.000046
3213.725232,0.828163
3214.662775,0.937543
3215.615943,0.953169
3216.42848,0.812537
3217.334772,0.906291
3218.272315,0.937543
3219.147355,0.87504
3219.944266,0.796911
3220.959938,1.015671
3221.788101,0.828163
3222.585012,0.796911
3223.475678,0.890666
3224.444472,0.968794
3225.288261,0.843789
3226.178927,0.890666
3227.132095,0.953169
3227.975884,0.843789
3228.772795,0.796911
3229.679087,0.906291
3230.632256,0.953169
3231.476044,0.843789
3232.382336,0.906291
3233.35113,0.968794
3234.148041,0.796911
3234.944953,0.796911
3235.929373,0.98442
3236.804413,0.87504
3237.491945,0.687531
3238.445113,0.953169
3239.320153,0.87504
3240.070188,0.750034
3241.085859,1.015671
3241.929648,0.843789
3254.945868,0.859414
3255.992791,1.046923
3256.820954,0.828163
3265.008829,0.76566
3269.212147,0.750034
3269.946555,0.734409
3270.680964,0.734409
3271.384121,0.703157
3272.165407,0.781286
3272.946692,0.781286
3273.64985,0.703157
3274.337381,0.687531
3277.400021,0.750034
3278.071927,0.671906
3283.38467,0.734409
3284.228459,0.843789
3285.166002,0.937543
3285.916036,0.750034
3286.744199,0.828163
3287.791122,1.046923
3288.806793,1.015671
3294.260168,0.953169
3295.260214,1.000046
3296.135254,0.87504
3297.119674,0.98442
3298.088468,0.968794
3299.260397,1.171929
3303.416837,0.890666
3304.307503,0.890666
3305.307549,1.000046
3306.120086,0.812537
3306.963875,0.843789
3307.651406,0.687531
3308.495195,0.843789
3309.354609,0.859414
3315.808029,1.000046
3316.870578,1.062549
3322.417707,0.98442
3323.620887,1.20318
3328.121093,0.906291
3329.168016,1.046923
3330.152436,0.98442
3331.089979,0.937543
3331.965019,0.87504
3333.011942,1.046923
3338.605948,1.062549
3339.559117,0.953169
3340.574788,1.015671
3341.574834,1.000046
3342.496751,0.921917
3343.387417,0.890666
3344.371837,0.98442
3345.231251,0.859414
3346.043788,0.812537
3350.825257,0.968794
3351.809677,0.98442
3352.63784,0.828163
3364.247747,0.812537
3365.247792,1.000046
3366.107207,0.859414
3367.076001,0.968794
3368.24793,1.171929
3372.685633,0.828163
3373.670053,0.98442
3374.529467,0.859414
3375.373256,0.843789
3376.326425,0.953169
3385.404965,0.843789
3386.186251,0.781286
3386.983162,0.796911
3387.764448,0.781286
3388.405102,0.640654
3392.874057,0.890666
3399.561863,0.953169
3400.452529,0.890666
3401.202563,0.750034
3402.108855,0.906291
3403.062023,0.953169
3403.937063,0.87504
3404.812104,0.87504
3405.827775,1.015671
3406.749692,0.921917
3407.843492,1.0938
3408.671655,0.828163
3409.53107,0.859414
3410.327981,0.796911
3411.406155,1.078174
3415.468841,0.812537
3416.390759,0.921917
3417.343927,0.953169
3418.250219,0.906291
3419.203387,0.953169
3420.156556,0.953169
3420.937842,0.781286
3421.844133,0.906291
3428.250676,0.98442
3429.125716,0.87504
3429.969505,0.843789
3430.907048,0.937543
3431.860217,0.953169
3432.657128,0.796911
3433.688425,1.031297
3434.516588,0.828163
3435.64164,1.125051
3443.345117,0.921917
3444.188906,0.843789
3445.063946,0.87504
3445.92336,0.859414
3446.90778,0.98442
3447.78282,0.87504
3448.626609,0.843789
3458.564564,0.750034
3459.361475,0.796911
3460.299018,0.937543
3461.267813,0.968794
3462.095976,0.828163
3462.908513,0.812537
3463.767927,0.859414
3464.689844,0.921917
3465.611762,0.921917
3466.361796,0.750034
3467.158707,0.796911
3468.080625,0.921917
3469.065045,0.98442
3469.971336,0.906291
3470.971382,1.000046
3472.018305,1.046923
3473.033976,1.015671
3473.987145,0.953169
3475.034068,1.046923
3475.987236,0.953169
3476.846651,0.859414
3477.784194,0.937543
3478.862368,1.078174
3479.737408,0.87504
3480.721828,0.98442
3481.784377,1.062549
3482.753171,0.968794
3483.675088,0.921917
3484.69076,1.015671
3485.581426,0.890666
3486.409589,0.828163
3487.331506,0.921917
3488.331552,1.000046
3489.206592,0.87504
3490.128509,0.921917
3491.112929,0.98442
3492.144226,1.031297
3492.972389,0.828163
3493.847429,0.87504
3494.878726,1.031297
3495.910023,1.031297
3496.769438,0.859414
3497.644478,0.87504
3498.675775,1.031297
3499.628944,0.953169
3500.425855,0.796911
3501.347772,0.921917
3502.332192,0.98442
3503.191607,0.859414
3504.066647,0.87504
3505.066693,1.000046
3506.004236,0.937543
3506.894901,0.890666
3507.941824,1.046923
3508.769987,0.828163
3509.629401,0.859414
3510.613822,0.98442
3511.504487,0.890666
3512.348276,0.843789
3513.332696,0.98442
3514.317116,0.98442
3515.098402,0.781286
3516.004693,0.906291
3516.989113,0.98442
3517.848528,0.859414
3518.723568,0.87504
3519.661111,0.937543
3520.629905,0.968794
3521.458068,0.828163
3522.426862,0.968794
3523.411282,0.98442
3524.255071,0.843789
3525.192614,0.937543
3526.177034,0.98442
3527.052074,0.87504
3527.927114,0.87504
3528.895908,0.968794
3529.880328,0.98442
3530.739743,0.859414
3531.599157,0.859414
3532.614829,1.015671
3533.489869,0.87504
3534.443037,0.953169
3535.505586,1.062549
3536.521257,1.015671
3537.34942,0.828163
3538.286963,0.937543
3539.302635,1.015671
3540.30268,1.000046
3541.162095,0.859414
3542.037135,0.87504
3543.084058,1.046923
3544.068478,0.98442
3544.959144,0.890666
3545.974815,1.015671
3547.006112,1.031297
3547.943655,0.937543
3548.865572,0.921917
3549.849993,0.98442
3550.77191,0.921917
3551.678201,0.906291
3552.584493,0.906291
3553.647041,1.062549
3554.537707,0.890666
3555.36587,0.828163
3556.24091,0.87504
3557.256582,1.015671
3558.20975,0.953169
3559.069165,0.859414
3560.084836,1.015671
3561.038005,0.953169
3561.991173,0.953169
3562.91309,0.921917
3571.647865,0.750034
3572.366648,0.718783
3573.147934,0.781286
3573.882343,0.734409
3574.632377,0.750034
3575.335534,0.703157
3576.11682,0.781286
3576.88248,0.76566
3584.632835,0.734409
3585.429746,0.796911
3586.132903,0.703157
3586.945441,0.812537
3587.789229,0.843789
3588.633018,0.843789
3589.414304,0.781286
3590.211215,0.796911
3591.008126,0.796911
3591.805038,0.796911
3592.570698,0.76566
3593.305107,0.734409
3594.039515,0.734409
3594.773924,0.734409
3595.633338,0.859414
3596.43025,0.796911
3597.258413,0.828163
3598.149078,0.890666
3599.05537,0.906291
3599.946036,0.890666
3600.836701,0.890666
3601.805496,0.968794
3602.571156,0.76566
3603.352442,0.781286
3604.211856,0.859414
3605.102522,0.890666
3605.930685,0.828163
3606.805725,0.87504
3607.743268,0.937543
3608.68081,0.937543
3609.44647,0.76566
3610.384013,0.937543
3611.321556,0.937543
3612.180971,0.859414
3613.118514,0.937543
3614.118559,1.000046
3614.899845,0.781286
3615.759259,0.859414
3616.509294,0.750034
3617.212451,0.703157
3618.024988,0.812537
3618.743771,0.718783
3619.509431,0.76566
3620.259465,0.750034
3621.212634,0.953169
3622.1033,0.890666
3622.900211,0.796911
3623.837754,0.937543
3624.72842,0.890666
3625.587834,0.859414
3626.384746,0.796911
3627.150406,0.76566
3628.072323,0.921917
3628.978615,0.906291
3629.728649,0.750034
3640.541644,1.062549
3641.604192,1.062549
3642.52611,0.921917
3646.166901,0.718783
3646.948187,0.781286
3651.870287,0.98442
3652.651573,0.781286
3655.714213,0.750034
3668.027277,0.98442
3669.011697,0.98442
3670.074246,1.062549
3670.949286,0.87504
3671.980583,1.031297
3672.980629,1.000046
3674.058803,1.078174
3675.074475,1.015671
3676.074521,1.000046
3677.121444,1.046923
3678.308998,1.187554
3679.262167,0.953169
3680.137207,0.87504
3680.918492,0.781286
3681.918538,1.000046
3682.918584,1.000046
3688.887607,1.015671
3689.762647,0.87504
3705.435239,0.921917
3706.185274,0.750034
3707.060314,0.87504
3707.841599,0.781286
3708.654137,0.812537
3709.622931,0.968794
3710.638602,1.015671
3711.544894,0.906291
3712.32618,0.781286
3713.154343,0.828163
3714.045008,0.890666
3714.935674,0.890666
3715.795089,0.859414
3719.8734,1.031297
3720.9672,1.0938
3721.889117,0.921917
3722.654778,0.76566
3735.15535,0.734409
3735.936635,0.781286
3736.717921,0.781286
3737.624213,0.906291
3738.514879,0.890666
3739.42117,0.906291
3740.202456,0.781286
3740.999367,0.796911
3741.765027,0.76566
3742.530687,0.76566
3743.35885,0.828163
3744.155762,0.796911
3745.030802,0.87504
3746.046473,1.015671
3747.015268,0.968794
3747.874682,0.859414
3748.687219,0.812537
3749.671639,0.98442
3750.484176,0.812537
3751.468596,0.98442
3752.343637,0.87504
3753.218677,0.87504
3754.156219,0.937543
3755.156265,1.000046
3756.031305,0.87504
3756.937597,0.906291
3757.906391,0.968794
3758.906437,1.000046
3759.765851,0.859414
3760.60964,0.843789
3761.515931,0.906291
3762.531603,1.015671
3763.484771,0.953169
3764.375437,0.890666
3765.344232,0.968794
3766.18802,0.843789
3767.000557,0.812537
3767.906849,0.906291
3768.797515,0.890666
3769.594426,0.796911
3770.469466,0.87504
3771.500763,1.031297
3772.407055,0.906291
3773.219592,0.812537
3774.110258,0.890666
3775.032175,0.921917
3775.860338,0.828163
3776.672875,0.812537
3777.579167,0.906291
3778.62609,1.046923
3779.579258,0.953169
3780.516801,0.937543
3781.485595,0.968794
3782.470016,0.98442
3783.32943,0.859414
3784.282598,0.953169
3785.313896,1.031297
3786.251439,0.937543
3787.142104,0.890666
3788.298407,1.156303
3789.329705,1.031297
3790.298499,0.968794
3791.376673,1.078174
3792.204836,0.828163
3793.142379,0.937543
3794.158051,1.015671
3794.923711,0.76566
3795.783125,0.859414
3796.689416,0.906291
3797.673836,0.98442
3798.595754,0.921917
3802.3303,0.76566
3803.033457,0.703157
3803.689737,0.65628
3804.502274,0.812537
3805.346063,0.843789
3810.080654,0.890666
3810.924443,0.843789
3811.73698,0.812537
3812.658897,0.921917
3813.440183,0.781286
3819.331078,0.828163
3820.299872,0.968794
3821.253041,0.953169
3822.065578,0.812537
3822.924992,0.859414
3824.018792,1.0938
3825.05009,1.031297
3825.862627,0.812537
3826.737667,0.87504
3827.659584,0.921917
3828.487747,0.828163
3829.222156,0.734409
3830.097196,0.87504
3831.097241,1.000046
3832.097287,1.000046
3833.066082,0.968794
3833.972373,0.906291
3835.050547,1.078174
3836.09747,1.046923
3836.941259,0.843789
3837.785048,0.843789
3838.675713,0.890666
3839.566379,0.890666
3840.410168,0.843789
3841.253956,0.843789
3842.238376,0.98442
3843.285299,1.046923
3844.129088,0.843789
3845.222888,1.0938
3846.035425,0.812537
3846.769834,0.734409
3847.754254,0.98442
3848.785551,1.031297
3853.176377,0.968794
3866.005089,0.828163
3866.630118,0.625029
3870.942815,0.796911
3871.739727,0.796911
3872.599141,0.859414
3873.521058,0.921917
3874.458601,0.937543
3875.177384,0.718783
3876.036798,0.859414
3876.958716,0.921917
3878.005639,1.046923
3878.896304,0.890666
3879.89635,1.000046
3880.818267,0.921917
3881.724559,0.906291
3882.52147,0.796911
3887.693582,0.828163
3888.615499,0.921917
3889.459288,0.843789
3890.224948,0.76566
3891.021859,0.796911
3891.803145,0.781286
3892.584431,0.781286
3893.459471,0.87504
3894.52202,1.062549
3895.350183,0.828163
3896.209597,0.859414
3897.131514,0.921917
3898.13156,1.000046
3899.100354,0.968794
3899.975394,0.87504
3900.928563,0.953169
3901.881732,0.953169
3902.788023,0.906291
3903.569309,0.781286
3904.36622,0.796911
3905.288137,0.921917
3906.33506,1.046923
3907.288229,0.953169
3908.210146,0.921917
3909.225818,1.015671
3910.163361,0.937543
3911.085278,0.921917
3911.850938,0.76566
3912.647849,0.796911
3913.460387,0.812537
3914.460432,1.000046
3915.522981,1.062549
3916.569904,1.046923
3917.554324,0.98442
3918.476241,0.921917
3919.304404,0.828163
3920.101315,0.796911
3926.32035,0.98442
3931.039316,1.046923
3932.148742,1.109426
3933.180039,1.031297
3934.117582,0.937543
3935.180131,1.062549
3936.227054,1.046923
3937.258351,1.031297
3938.195894,0.937543
3939.164688,0.968794
3940.227237,1.062549
3941.258534,1.031297
3942.133574,0.87504
3943.086743,0.953169
3944.055537,0.968794
3945.086834,1.031297
3946.008751,0.921917
3946.977546,0.968794
3948.040094,1.062549
3949.14952,1.109426
3950.165192,1.015671
3951.243366,1.078174
3952.32154,1.078174
3953.41534,1.0938
3954.384135,0.968794
3955.477935,1.0938
3956.524858,1.046923
3957.571781,1.046923
3958.478072,0.906291
3959.462492,0.98442
3960.556292,1.0938
3961.493835,0.937543
3962.57201,1.078174
3963.55643,0.98442
3964.587727,1.031297
3965.556521,0.968794
3966.431561,0.87504
3967.462858,1.031297
3968.525407,1.062549
3969.619207,1.0938
3970.44737,0.828163
3971.353662,0.906291
3972.400584,1.046923
3973.588139,1.187554
3974.541307,0.953169
3975.713236,1.171929
3976.775785,1.062549
3977.760205,0.98442
3988.885714,0.828163
3989.807631,0.921917
3990.792051,0.98442
3991.838974,1.046923
3998.433026,0.812537
4014.340004,0.859414
4015.12129,0.781286
4015.980704,0.859414
4016.683861,0.703157
4017.465147,0.781286
4018.40269,0.937543
4019.480865,1.078174
4020.402782,0.921917
4021.402828,1.000046
4022.371622,0.968794
4023.387293,1.015671
4024.340462,0.953169
4025.371759,1.031297
4026.418682,1.046923
4027.278096,0.859414
4028.153136,0.87504
4029.090679,0.937543
4034.153411,0.953169
4035.356591,1.20318
4036.481643,1.125051
4037.450437,0.968794
4038.528611,1.078174
4045.49768,1.000046
4046.622732,1.125051
4047.685281,1.062549
4048.654075,0.968794
4049.560366,0.906291
4050.622915,1.062549
4051.638587,1.015671
4052.654258,1.015671
4053.732432,1.078174
4054.888735,1.156303
4056.045038,1.156303
4057.013833,0.968794
4058.123258,1.109426
4059.154556,1.031297
4060.185853,1.031297
4061.21715,1.031297
4062.342201,1.125051
4063.467253,1.125051
4082.18686,0.812537
4083.249408,1.062549
4087.54648,0.937543
4088.390269,0.843789
4089.327812,0.937543
4103.750347,0.98442
4104.781644,1.031297
4105.609807,0.828163
4117.079082,0.828163
4117.766613,0.687531
4118.547899,0.781286
4119.313559,0.76566
4120.110471,0.796911
4120.969885,0.859414
4121.891802,0.921917
4122.798094,0.906291
4123.563754,0.76566
4124.34504,0.781286
4125.126325,0.781286
4130.064051,1.015671
4131.048471,0.98442
4131.954763,0.906291
4132.798552,0.843789
4133.689217,0.890666
4157.612187,0.703157
4158.284093,0.671906
4159.034127,0.750034
4159.956045,0.921917
4160.877962,0.921917
4161.831131,0.953169
4162.753048,0.921917
4163.612462,0.859414
4164.471876,0.859414
4165.331291,0.859414
4166.128202,0.796911
4166.800108,0.671906
4175.128614,0.921917
4175.956777,0.828163
4176.706811,0.750034
4177.503723,0.796911
4194.629507,1.078174
4195.613927,0.98442
4196.535844,0.921917
4208.395762,1.078174
4209.458311,1.062549
4210.427105,0.968794
4211.333396,0.906291
4215.66172,1.015671
4216.708642,1.046923
4217.73994,1.031297
4218.708734,0.968794
4219.724406,1.015671
4220.630697,0.906291
4221.45886,0.828163
4222.396403,0.937543
4223.380823,0.98442
4224.333992,0.953169
4225.130903,0.796911
4225.927814,0.796911
4226.787229,0.859414
4227.740397,0.953169
4228.771695,1.031297
4229.631109,0.859414
4230.5374,0.906291
4231.537446,1.000046
4232.568743,1.031297
4233.646918,1.078174
4234.584461,0.937543
4235.396998,0.812537
4236.209535,0.812537
4237.068949,0.859414
4238.05337,0.98442
4239.03779,0.98442
4239.865952,0.828163
4240.709741,0.843789
4241.694161,0.98442
4242.709833,1.015671
4243.756756,1.046923
4244.756801,1.000046
4245.81935,1.062549
4246.975653,1.156303
4248.069453,1.0938
4252.772793,1.046923
4253.69471,0.921917
4254.726008,1.031297
4255.772931,1.046923
4256.726099,0.953169
4257.616765,0.890666
4258.554308,0.937543
4259.523102,0.968794
4260.601277,1.078174
4261.86696,1.265683
4271.508026,0.734409
4272.195557,0.687531
4272.773709,0.578151
4273.398737,0.625029
4274.00814,0.609403
4274.617543,0.609403
4275.226946,0.609403
4275.992606,0.76566
4276.820769,0.828163
4277.617681,0.796911
4278.367715,0.750034
4279.258381,0.890666
4280.117795,0.859414
4294.915347,0.781286
4295.759136,0.843789
4296.61855,0.859414
4297.431087,0.812537
4298.353005,0.921917
4299.431179,1.078174
4300.462476,1.031297
4301.556276,1.0938
4302.446942,0.890666
4303.228228,0.781286
4314.822509,0.703157
4315.494414,0.671906
4316.135069,0.640654
4316.838226,0.703157
4317.47888,0.640654
4318.182037,0.703157
4318.90082,0.718783
4319.635229,0.734409
4320.510269,0.87504
4321.510315,1.000046
4322.463483,0.953169
4323.588535,1.125051
4324.541703,0.953169
4325.494872,0.953169
4326.401164,0.906291
4327.151198,0.750034
4327.932484,0.781286
4328.932529,1.000046
4329.979452,1.046923
4331.057627,1.078174
4332.182678,1.125051
4333.292104,1.109426
4334.370278,1.078174
4335.464078,1.0938
4336.432873,0.968794
4337.386041,0.953169
4338.292333,0.906291
4339.136122,0.843789
4340.08929,0.953169
4341.151839,1.062549
4342.026879,0.87504
4343.026925,1.000046
4344.073848,1.046923
4345.073893,1.000046
4345.964559,0.890666
4346.761471,0.796911
4347.667762,0.906291
4348.620931,0.953169
4349.464719,0.843789
4350.371011,0.906291
4351.371057,1.000046
4352.402354,1.031297
4353.386774,0.98442
4354.339942,0.953169
4355.339988,1.000046
4356.386911,1.046923
4357.402583,1.015671
4358.246371,0.843789
4358.98078,0.734409
4359.715189,0.734409
4360.355843,0.640654
4361.059,0.703157
4361.918414,0.859414
4362.543443,0.625029
4363.262226,0.718783
4363.949757,0.687531
4364.684166,0.734409
4365.559206,0.87504
4366.465497,0.906291
4367.418666,0.953169
4368.309332,0.890666
4369.184372,0.87504
4369.996909,0.812537
4370.825072,0.828163
4371.621984,0.796911
4372.403269,0.781286
4373.356438,0.953169
4374.372109,1.015671
4375.434658,1.062549
4376.465955,1.031297
4377.466001,1.000046
4378.341041,0.87504
4379.341087,1.000046
4380.403636,1.062549
4381.216173,0.812537
4382.075587,0.859414
4382.981879,0.906291
4383.950673,0.968794
4384.841339,0.890666
4385.825759,0.98442
4386.84143,1.015671
4387.82585,0.98442
4388.888399,1.062549
4389.966573,1.078174
4390.99787,1.031297
4391.841659,0.843789
4392.654196,0.812537
4393.435482,0.781286
4394.279271,0.843789
4395.216814,0.937543
4395.966848,0.750034
4396.857514,0.890666
4397.951314,1.0938
4398.982611,1.031297
4399.904528,0.921917
4400.826445,0.921917
4401.79524,0.968794
4402.810911,1.015671
4403.670326,0.859414
4404.514114,0.843789
4405.561037,1.046923
4406.60796,1.046923
4407.561129,0.953169
4408.514297,0.953169
4426.124478,1.031297
4427.202653,1.078174
4427.999564,0.796911
4428.812101,0.812537
4429.687141,0.87504
4430.718439,1.031297
4431.640356,0.921917
4432.49977,0.859414
4433.390436,0.890666
4434.281102,0.890666
4435.12489,0.843789
4450.73498,1.031297
4451.735025,1.000046
4452.750697,1.015671
4453.781994,1.031297
4454.703911,0.921917
4455.532074,0.828163
4456.485243,0.953169
4457.500914,1.015671
4458.532212,1.031297
4459.438503,0.906291
4460.219789,0.781286
4461.001075,0.781286
4461.922992,0.921917
4462.923038,1.000046
4463.829329,0.906291
4464.704369,0.87504
4465.673163,0.968794
4466.610706,0.937543
4467.407618,0.796911
4468.142026,0.734409
4468.954564,0.812537
4469.782727,0.828163
4470.595264,0.812537
4471.314047,0.718783
4472.126584,0.812537
4473.001624,0.87504
4473.89229,0.890666
4474.782955,0.890666
4480.361336,0.76566
4481.205124,0.843789
4481.98641,0.781286
4482.845824,0.859414
4483.689613,0.843789
4484.533402,0.843789
4485.330313,0.796911
4486.236605,0.906291
4487.096019,0.859414
4487.892931,0.796911
4488.721093,0.828163
4489.705513,0.98442
4490.705559,1.000046
4491.689979,0.98442
4492.611897,0.921917
4493.627568,1.015671
4494.643239,1.015671
4495.502654,0.859414
4496.471448,0.968794
4497.48712,1.015671
4498.377785,0.890666
4499.268451,0.890666
4500.159117,0.890666
4501.065408,0.906291
4501.815443,0.750034
4502.5186,0.703157
4503.315511,0.796911
4504.26868,0.953169
4505.237474,0.968794
4506.01876,0.781286
4506.862549,0.843789
4507.800092,0.937543
4508.722009,0.921917
4509.675178,0.953169
4510.472089,0.796911
4511.409632,0.937543
4512.300298,0.890666
4513.222215,0.921917
4514.003501,0.781286
4514.925418,0.921917
4515.753581,0.828163
4516.581744,0.828163
4517.394281,0.812537
4518.222444,0.828163
4519.191238,0.968794
4520.066278,0.87504
4520.956944,0.890666
4521.95699,1.000046
4522.847656,0.890666
4523.675818,0.828163
4524.488356,0.812537
4525.441524,0.953169
4526.504073,1.062549
4527.394739,0.890666
4528.332282,0.937543
4529.129193,0.796911
4530.129239,1.000046
4539.582797,0.843789
4540.426585,0.843789
4541.332877,0.906291
4542.239168,0.906291
4543.020454,0.781286
4543.926745,0.906291
4544.879914,0.953169
4545.801831,0.921917
4554.786618,0.812537
4555.61478,0.828163
4556.458569,0.843789
4557.489866,1.031297
4558.474286,0.98442
4559.443081,0.968794
4560.255618,0.812537
4561.146284,0.890666
4562.146329,1.000046
4563.146375,1.000046
4564.193298,1.046923
4564.99021,0.796911
4565.880875,0.890666
4566.834044,0.953169
4567.83409,1.000046
4568.662253,0.828163
4569.36541,0.703157
4570.13107,0.76566
4570.927981,0.796911
4571.865524,0.937543
4572.834319,0.968794
4573.95937,1.125051
4574.990667,1.031297
4575.896959,0.906291
4576.740747,0.843789
4577.522033,0.781286
4578.256442,0.734409
4579.131482,0.87504
4580.069025,0.937543
4581.084696,1.015671
4582.131619,1.046923
4583.162916,1.031297
4584.225465,1.062549
4585.334891,1.109426
4586.678702,1.343812
4599.148023,0.76566
4600.054315,0.906291
4600.991858,0.937543
4601.976278,0.98442
4603.023201,1.046923
4603.945118,0.921917
4604.945163,1.000046
4605.898332,0.953169
4606.804624,0.906291
4607.695289,0.890666
4608.710961,1.015671
4609.742258,1.031297
4610.773555,1.031297
4611.773601,1.000046
4612.773647,1.000046
4613.789318,1.015671
4618.180144,0.890666
4618.977056,0.796911
4620.008353,1.031297
4621.086527,1.078174
4622.117825,1.031297
4623.11787,1.000046
4624.10229,0.98442
4625.117962,1.015671
4626.024253,0.906291
4626.930545,0.906291
4627.883713,0.953169
4628.868134,0.98442
4629.727548,0.859414
4630.446331,0.718783
4631.258868,0.812537
4632.149534,0.890666
4633.055825,0.906291
4633.790234,0.734409
4634.602771,0.812537
4635.509063,0.906291
4636.618488,1.109426
4637.602908,0.98442
4638.524826,0.921917
4639.477994,0.953169
4640.556169,1.078174
4641.540589,0.98442
4642.400003,0.859414
4643.353172,0.953169
4644.353217,1.000046
4645.322012,0.968794
4646.150175,0.828163
4647.134595,0.98442
4648.13464,1.000046
4649.072183,0.937543
4649.994101,0.921917
4651.041023,1.046923
4652.056695,1.015671
4653.119244,1.062549
4654.041161,0.921917
4654.947452,0.906291
4655.86937,0.921917
4656.74441,0.87504
4657.72883,0.98442
4658.82263,1.0938
4659.853927,1.031297
4660.744593,0.890666
4661.604007,0.859414
4662.525924,0.921917
4663.604099,1.078174
4664.494764,0.890666
4665.38543,0.890666
4666.416727,1.031297
4667.448025,1.031297
4668.291813,0.843789
4669.229356,0.937543
4670.276279,1.046923
4671.323202,1.046923
4672.135739,0.812537
4672.995153,0.859414
4673.932696,0.937543
4674.917116,0.98442
4675.901536,0.98442
4676.729699,0.828163
4677.573488,0.843789
4678.479779,0.906291
4679.479825,1.000046
4680.292362,0.812537
4681.058022,0.76566
4681.745554,0.687531
4682.573717,0.828163
4683.370628,0.796911
4684.27692,0.906291
4685.15196,0.87504
4685.91762,0.76566
4686.808286,0.890666
4687.792706,0.98442
4688.824003,1.031297
4689.777172,0.953169
4690.652212,0.87504
4696.808743,0.750034
4697.652532,0.843789
4698.558824,0.906291
4699.355735,0.796911
4700.043267,0.687531
4734.96674,0.76566
4735.638646,0.671906
4749.795544,0.953169
4750.701835,0.906291
4751.764384,1.062549
4752.748804,0.98442
4753.63947,0.890666
4754.436381,0.796911
4755.358299,0.921917
4756.436473,1.078174
4757.483396,1.046923
4758.405313,0.921917
4759.295979,0.890666
4760.327276,1.031297
4767.186965,1.000046
4768.108882,0.921917
4768.983922,0.87504
4769.812085,0.828163
4780.95322,0.828163
4781.656377,0.703157
4782.515792,0.859414
4783.531463,1.015671
4799.125927,0.968794
4800.125973,1.000046
4801.110393,0.98442
4802.03231,0.921917
4802.922976,0.890666
4803.704262,0.781286
4804.454296,0.750034
4805.376213,0.921917
4806.423136,1.046923
4807.516936,1.0938
4808.626362,1.109426
4809.704536,1.078174
4810.657705,0.953169
4811.657751,1.000046
4812.689048,1.031297
4819.689368,0.906291
4820.720665,1.031297
4821.830091,1.109426
4822.908266,1.078174
4824.002066,1.0938
4825.064614,1.062549
4826.033409,0.968794
4826.861572,0.828163
4827.611606,0.750034
4828.36164,0.750034
4829.267932,0.906291
4835.049446,1.0938
4836.127621,1.078174
4840.659078,0.921917
4841.659124,1.000046
4842.76855,1.109426
4843.877975,1.109426
4844.924898,1.046923
4845.862441,0.937543
4846.878113,1.015671
4848.003164,1.125051
4849.034461,1.031297
4850.081384,1.046923
4851.08143,1.000046
4852.097102,1.015671
4853.128399,1.031297
4857.628605,1.046923
4858.597399,0.968794
4859.534942,0.937543
4860.581865,1.046923
4861.628788,1.046923
4862.503828,0.87504
4863.425745,0.921917
4864.363288,0.937543
4865.363334,1.000046
4866.269625,0.906291
4867.222794,0.953169
4868.285343,1.062549
4869.238511,0.953169
4870.238557,1.000046
4871.332357,1.0938
4872.348029,1.015671
4873.348074,1.000046
4874.34812,1.000046
4875.457546,1.109426
4876.441966,0.98442
4877.379509,0.937543
4878.379555,1.000046
4879.238969,0.859414
4880.114009,0.87504
4881.176558,1.062549
4882.270358,1.0938
4883.254778,0.98442
4884.114192,0.859414
4885.067361,0.953169
4886.12991,1.062549
4887.051827,0.921917
4887.87999,0.828163
4888.739404,0.859414
4889.645695,0.906291
4890.520736,0.87504
4891.27077,0.750034
4892.052056,0.781286
4892.895844,0.843789
4893.864639,0.968794
4894.724053,0.859414
4895.474087,0.750034
4896.427256,0.953169
4897.17729,0.750034
4897.94295,0.76566
4898.646107,0.703157
4899.614902,0.968794
4900.411813,0.796911
4921.084635,0.921917
4922.037803,0.953169
4922.975346,0.937543
4923.772258,0.796911
4924.506666,0.734409
4925.225449,0.718783
4925.991109,0.76566
4926.834898,0.843789
4927.788066,0.953169
4928.631855,0.843789
4929.428766,0.796911
4930.225678,0.796911
4931.116344,0.890666
4932.038261,0.921917
4932.897675,0.859414
4933.741464,0.843789
4934.600878,0.859414
4935.61655,1.015671
4936.585344,0.968794
4937.538513,0.953169
4938.429178,0.890666
4939.397973,0.968794
4940.398019,1.000046
4941.335562,0.937543
4942.28873,0.953169
4943.241899,0.953169
4944.288822,1.046923
4945.179487,0.890666
4946.11703,0.937543
4947.023322,0.906291
4948.023368,1.000046
4948.882782,0.859414
4949.679693,0.796911
4950.414102,0.734409
4951.211014,0.796911
4952.164182,0.953169
4953.257982,1.0938
4954.304905,1.046923
4955.242448,0.937543
4956.14874,0.906291
4963.492826,0.828163
4964.320989,0.828163
4968.477429,0.921917
4969.430598,0.953169
4970.196258,0.76566
4971.165052,0.968794
4972.024466,0.859414
4972.805752,0.781286
4973.540161,0.734409
4974.321446,0.781286
4975.118358,0.796911
4975.977772,0.859414
4976.665304,0.687531
4977.415338,0.750034
4988.853361,0.890666
4989.775279,0.921917
4990.619067,0.843789
4995.197402,0.750034
4995.963062,0.76566
5012.401314,0.828163
5013.260729,0.859414
5024.683126,0.718783
5025.480038,0.796911
5026.339452,0.859414
5027.355124,1.015671
5028.386421,1.031297
5029.261461,0.87504
5030.167753,0.906291
5031.152173,0.98442
5032.199095,1.046923
5032.996007,0.796911
5033.730416,0.734409
5034.527327,0.796911
5035.417993,0.890666
5036.23053,0.812537
5037.074319,0.843789
5038.027487,0.953169
5039.027533,1.000046
5040.043205,1.015671
5040.996373,0.953169
5041.949542,0.953169
5042.918336,0.968794
5043.840253,0.921917
5044.918428,1.078174
5050.918702,0.828163
5051.668737,0.750034
5052.403145,0.734409
5053.184431,0.781286
5054.075097,0.890666
5055.043891,0.968794
5055.934557,0.890666
5056.918977,0.98442
5057.85652,0.937543
5058.997197,1.140677
5071.638401,0.750034
5072.482189,0.843789
5073.325978,0.843789
5074.216644,0.890666
5075.076058,0.859414
5076.076104,1.000046
5077.044898,0.968794
5077.982441,0.937543
5078.904358,0.921917
5083.076424,1.046923
5084.279604,1.20318
5097.952105,1.140677
5098.967777,1.015671
5100.092828,1.125051
5101.21788,1.125051
5102.171048,0.953169
5103.07734,0.906291
5104.06176,0.98442
5107.89006,0.796911
5108.811977,0.921917
5109.733895,0.921917
5110.718315,0.98442
5111.562103,0.843789
5112.515272,0.953169
5113.484066,0.968794
5114.405983,0.921917
5115.249772,0.843789
5116.062309,0.812537
5116.765466,0.703157
5117.499875,0.734409
5118.218658,0.718783
5118.999944,0.781286
5119.874984,0.87504
5120.812527,0.937543
5121.781321,0.968794
5122.671987,0.890666
5123.625155,0.953169
5124.625201,1.000046
5125.68775,1.062549
5126.609667,0.921917
5127.609713,1.000046
5128.672261,1.062549
5129.703559,1.031297
5130.641102,0.937543
5131.547393,0.906291
5135.485073,0.87504
5136.375739,0.890666
5137.313282,0.937543
5138.188322,0.87504
5139.125865,0.937543
5140.063408,0.937543
5140.969699,0.906291
5141.875991,0.906291
5142.719779,0.843789
5143.532317,0.812537
5144.282351,0.750034
5145.079262,0.796911
5145.876174,0.796911
5146.688711,0.812537
5147.485623,0.796911
5148.266908,0.781286
5149.110697,0.843789
5150.095117,0.98442
5151.048286,0.953169
5151.985829,0.937543
5152.829617,0.843789
5153.65778,0.828163
5154.42344,0.76566
5155.157849,0.734409
5155.876632,0.718783
5156.782923,0.906291
5157.470455,0.687531
5158.220489,0.750034
5159.017401,0.796911
5159.939318,0.921917
5160.798732,0.859414
5161.673772,0.87504
5162.501935,0.828163
5163.283221,0.781286
5164.048881,0.76566
5164.783289,0.734409
5165.502072,0.718783
5166.189604,0.687531
5166.955264,0.76566
5167.705298,0.750034
5168.424081,0.718783
5169.174115,0.750034
5169.939775,0.76566
5170.627307,0.687531
5171.377341,0.750034
5172.127376,0.750034
5172.955539,0.828163
5173.830579,0.87504
5174.752496,0.921917
5175.627536,0.87504
5176.471324,0.843789
5177.299487,0.828163
5178.174527,0.87504
5178.955813,0.781286
5179.674596,0.718783
5180.377753,0.703157
5181.237168,0.859414
5182.190336,0.953169
5183.190382,1.000046
5184.206053,1.015671
5185.143596,0.937543
5186.112391,0.968794
5187.003057,0.890666
5190.815731,0.781286
5191.675145,0.859414
5200.769312,0.781286
5201.39434,0.625029
5202.206877,0.812537
5202.878783,0.671906
5203.644443,0.76566
5204.45698,0.812537
5205.253892,0.796911
5206.253938,1.000046
5209.738472,0.781286
5210.441629,0.703157
5211.207289,0.76566
5211.801067,0.593777
5212.441721,0.640654
5213.207381,0.76566
5213.926164,0.718783
5223.489102,0.718783
5224.301639,0.812537
5225.161053,0.859414
5226.176725,1.015671
5227.098642,0.921917
5235.23964,0.921917
5236.145931,0.906291
5237.005345,0.859414
5237.942888,0.937543
5238.817928,0.87504
5239.567963,0.750034
5240.364874,0.796911
5241.14616,0.781286
5241.943071,0.796911
5242.646229,0.703157
5243.490017,0.843789
5247.16206,0.750034
5247.912095,0.750034
5248.755883,0.843789
5249.505918,0.750034
5250.209075,0.703157
5250.959109,0.750034
5251.818523,0.859414
5252.490429,0.671906
5253.287341,0.796911
5254.099878,0.812537
5254.896789,0.796911
5255.709327,0.812537
5256.568741,0.859414
5257.506284,0.937543
5258.459452,0.953169
5259.193861,0.734409
5260.006398,0.812537
5260.678304,0.671906
5261.490841,0.812537
5262.365881,0.87504
5263.240921,0.87504
5264.022207,0.781286
5264.834744,0.812537
5265.741036,0.906291
5266.49107,0.750034
5267.350484,0.859414
5268.209899,0.859414
5269.069313,0.859414
5269.88185,0.812537
5270.678762,0.796911
5271.553802,0.87504
5272.303836,0.750034
5273.100748,0.796911
5285.429437,0.796911
5286.101343,0.671906
5286.945131,0.843789
5287.710791,0.76566
5288.538954,0.828163
5289.382743,0.843789
5290.257783,0.87504
5291.023443,0.76566
5291.914109,0.890666
5292.679769,0.76566
5293.445429,0.76566
5294.257966,0.812537
5295.054878,0.796911
5295.758035,0.703157
5296.523695,0.76566
5297.414361,0.890666
5298.164395,0.750034
5299.023809,0.859414
5299.867598,0.843789
5300.758264,0.890666
5301.648929,0.890666
5302.430215,0.781286
5303.148998,0.718783
5303.899032,0.750034
5304.742821,0.843789
5305.414727,0.671906
5306.196012,0.781286
5306.852293,0.65628
5307.680455,0.828163
5308.524244,0.843789
5309.430536,0.906291
5310.321201,0.890666
5311.211867,0.890666
5312.055656,0.843789
5312.790064,0.734409
5313.602602,0.812537
5314.399513,0.796911
5315.32143,0.921917
5316.290225,0.968794
5317.337147,1.046923
5318.27469,0.937543
5319.165356,0.890666
5320.149776,0.98442
5324.181211,0.87504
5325.056251,0.87504
5325.931291,0.87504
5326.712577,0.781286
5327.462611,0.750034
5328.181394,0.718783
5329.056434,0.87504
5329.83772,0.781286
5330.744011,0.906291
5331.47842,0.734409
5332.290957,0.812537
5333.087868,0.796911
5333.837903,0.750034
5334.75982,0.921917
5335.52548,0.76566
5336.166134,0.640654
5337.025549,0.859414
5337.650577,0.625029
5338.494366,0.843789
5339.275652,0.781286
5361.917313,0.734409
5362.72985,0.812537
5363.573639,0.843789
5364.464305,0.890666
5365.261216,0.796911
5366.073753,0.812537
5366.823788,0.750034
5380.85568,0.750034
5381.73072,0.87504
5382.574509,0.843789
5387.152843,0.859414
5388.043509,0.890666
5388.824795,0.781286
5393.809398,0.953169
5408.71633,0.781286
5409.513242,0.796911
5416.904205,0.968794
5417.919877,1.015671
5425.951494,1.015671
5426.889037,0.937543
5428.076591,1.187554
5429.170392,1.0938
5430.23294,1.062549
5431.170483,0.937543
5434.811275,0.843789
5435.670689,0.859414
5436.436349,0.76566
5437.327015,0.890666
5438.327061,1.000046
5439.342732,1.015671
5440.358404,1.015671
5441.295947,0.937543
5448.233764,0.828163
5449.140056,0.906291
5450.093224,0.953169
5451.077644,0.98442
5452.124567,1.046923
5453.06211,0.937543
5453.984027,0.921917
5454.890319,0.906291
5455.718482,0.828163
5456.468516,0.750034
5457.265428,0.796911
5458.077965,0.812537
5459.031133,0.953169
5459.999928,0.968794
5460.906219,0.906291
5461.843762,0.937543
5462.750054,0.906291
5463.671971,0.921917
5464.453257,0.781286
5465.218917,0.76566
5465.9377,0.718783
5466.750237,0.812537
5467.594025,0.843789
5468.34406,0.750034
5469.140971,0.796911
5470.016011,0.87504
5470.937928,0.921917
5471.9536,1.015671
5472.891143,0.937543
5473.844311,0.953169
5474.828732,0.98442
5479.93834,1.062549
5480.81338,0.87504
5481.782175,0.968794
5482.750969,0.968794
5483.688512,0.937543
5484.657306,0.968794
5485.766732,1.109426
5486.782404,1.015671
5487.735572,0.953169
5488.87625,1.140677
5496.53285,1.265683
5497.767282,1.234432
5519.4714,1.000046
5541.847424,0.76566
5547.472682,0.921917
5548.441476,0.968794
5577.849072,1.015671
5587.177624,0.98442
5588.240173,1.062549
5589.208967,0.968794
5590.271516,1.062549
5591.224684,0.953169
5592.209105,0.98442
5609.241134,0.953169
5610.038046,0.796911
5610.913086,0.87504
5624.069938,0.890666
5628.085747,0.796911
5629.101418,1.015671
5629.992084,0.890666
5630.960878,0.968794
5631.851544,0.890666
5632.867216,1.015671
5633.72663,0.859414
5641.570739,0.76566
5642.461405,0.890666
5643.555205,1.0938
5655.008854,1.109426
5655.89952,0.890666
5656.805811,0.906291
5657.75898,0.953169
5658.618394,0.859414
5659.368429,0.750034
5660.009083,0.640654
5660.774743,0.76566
5661.571655,0.796911
5662.24356,0.671906
5663.00922,0.76566
5663.806132,0.796911
5664.618669,0.812537
5665.618715,1.000046
5666.431252,0.812537
5667.321918,0.890666
5671.822124,0.76566
5672.60341,0.781286
5677.134867,0.781286
5678.18179,1.046923
5681.869459,0.640654
5698.760857,0.812537
5704.589249,0.640654
5705.308032,0.718783
5706.198697,0.890666
5707.151866,0.953169
5708.12066,0.968794
5709.089455,0.968794
5709.948869,0.859414
5710.730155,0.781286
5711.480189,0.750034
5718.293001,0.98442
5722.433815,1.000046
5723.261978,0.828163
5744.966097,0.812537
5745.825511,0.859414
5746.684926,0.859414
5747.638094,0.953169
5748.560011,0.921917
5749.544431,0.98442
5750.528852,0.98442
5751.466394,0.937543
5755.63846,1.000046
5756.669758,1.031297
5757.701055,1.031297
5758.560469,0.859414
5759.513638,0.953169
5760.466806,0.953169
5761.466852,1.000046
5762.326267,0.859414
5763.248184,0.921917
5764.216978,0.968794
5765.138895,0.921917
5766.123315,0.98442
5766.98273,0.859414
5767.85777,0.87504
5768.73281,0.87504
5769.685978,0.953169
5770.623521,0.937543
5771.373556,0.750034
5772.170467,0.796911
5773.029881,0.859414
5773.951799,0.921917
5774.811213,0.859414
5775.545622,0.734409
5776.420662,0.87504
5777.280076,0.859414
5778.076988,0.796911
5778.79577,0.718783
5779.623933,0.828163
5780.405219,0.781286
5781.295885,0.890666
5782.155299,0.859414
5782.905334,0.750034
5783.764748,0.859414
5784.655414,0.890666
5785.561705,0.906291
5786.311739,0.750034
5787.218031,0.906291
5788.124322,0.906291
5789.061865,0.937543
5789.843151,0.781286
5790.780694,0.937543
5791.858868,1.078174
5792.65578,0.796911
5793.358937,0.703157
5794.124597,0.76566
5794.780877,0.65628
5795.405906,0.625029
5813.828624,1.0938
5814.750541,0.921917
5815.563078,0.812537
5816.313113,0.750034
5817.031896,0.718783
5817.78193,0.750034
5818.76635,0.98442
5819.766396,1.000046
5820.594559,0.828163
5821.407096,0.812537
5822.313387,0.906291
5823.157176,0.843789
5824.063468,0.906291
5824.969759,0.906291
5825.76667,0.796911
5826.547956,0.781286
5827.344868,0.796911
5828.157405,0.812537
5828.891814,0.734409
5829.641848,0.750034
5830.376256,0.734409
5831.157542,0.781286
5831.891951,0.734409
5832.720114,0.828163
5833.626405,0.906291
5834.438942,0.812537
5835.204602,0.76566
5835.90776,0.703157
5836.67342,0.76566
5837.454705,0.781286
5838.392248,0.937543
5839.267288,0.87504
5840.189206,0.921917
5841.142374,0.953169
5841.908034,0.76566
5842.57994,0.671906
5843.439354,0.859414
5844.33002,0.890666
5845.236312,0.906291
5846.205106,0.968794
5847.017643,0.812537
5847.892683,0.87504
5848.845852,0.953169
5849.845898,1.000046
5850.892821,1.046923
5851.752235,0.859414
5852.642901,0.890666
5853.580444,0.937543
5854.533612,0.953169
5855.439904,0.906291
5859.315081,0.953169
5860.346378,1.031297
5861.36205,1.015671
5862.252716,0.890666
5863.299639,1.046923
5864.299684,1.000046
5865.205976,0.906291
5866.06539,0.859414
5866.862302,0.796911
5867.612336,0.750034
5868.315493,0.703157
5869.143656,0.828163
5869.924942,0.781286
5870.737479,0.812537
5871.53439,0.796911
5872.378179,0.843789
5873.268845,0.890666
5874.003253,0.734409
5874.831416,0.828163
5875.706456,0.87504
5876.550245,0.843789
5877.519039,0.968794
5878.550337,1.031297
5879.456628,0.906291
5880.300417,0.843789
5881.112954,0.812537
5882.034871,0.921917
5882.909911,0.87504
5883.769325,0.859414
5884.62874,0.859414
5885.3944,0.76566
5886.05068,0.65628
5886.81634,0.76566
5887.550749,0.734409
5888.332034,0.781286
5889.128946,0.796911
5890.035237,0.906291
5891.004032,0.968794
5891.832195,0.828163
5892.597855,0.76566
5893.37914,0.781286
5894.129175,0.750034
5894.894835,0.76566
5895.613618,0.718783
5896.426155,0.812537
5897.207441,0.781286
5898.160609,0.953169
5899.066901,0.906291
5900.129449,1.062549
5901.285752,1.156303
5902.207669,0.921917
5903.145212,0.937543
5904.192135,1.046923
5905.16093,0.968794
5906.067221,0.906291
5906.926636,0.859414
5907.879804,0.953169
5908.832973,0.953169
5909.614259,0.781286
5910.442421,0.828163
5911.301836,0.859414
5912.083122,0.781286
5912.895659,0.812537
5913.69257,0.796911
5914.520733,0.828163
5915.348896,0.828163
5916.052053,0.703157
5916.786462,0.734409
5917.614625,0.828163
5918.520916,0.906291
5919.442833,0.921917
5920.286622,0.843789
5921.083534,0.796911
5921.880445,0.796911
5922.677356,0.796911
5923.536771,0.859414
5924.427437,0.890666
5925.411857,0.98442
5926.443154,1.031297
5927.396322,0.953169
5928.240111,0.843789
5928.97452,0.734409
5929.708928,0.734409
5930.39646,0.687531
5931.099617,0.703157
5932.021534,0.921917
5932.771569,0.750034
5933.490351,0.718783
5934.256011,0.76566
5934.974794,0.718783
5935.75608,0.781286
5936.662372,0.906291
5937.459283,0.796911
5938.365575,0.906291
5939.240615,0.87504
5939.975023,0.734409
5940.78756,0.812537
5941.459466,0.671906
5946.912841,0.828163
5947.662875,0.750034
5948.428535,0.76566
5949.334827,0.906291
5950.303621,0.968794
5951.116158,0.812537
5951.944321,0.828163
5952.78811,0.843789
5953.77253,0.98442
5954.725698,0.953169
5955.74137,1.015671
5956.710164,0.968794
5957.60083,0.890666
5958.58525,0.98442
5959.429039,0.843789
5960.366582,0.937543
5961.163493,0.796911
5961.897902,0.734409
5962.757316,0.859414
5963.694859,0.937543
5964.444893,0.750034
5965.179302,0.734409
5971.523342,0.953169
5972.507762,0.98442
5973.351551,0.843789
5974.117211,0.76566
5974.976625,0.859414
5975.867291,0.890666
5976.664203,0.796911
5977.36736,0.703157
5978.179897,0.812537
5981.726934,0.687531
5982.430092,0.703157
5983.320757,0.890666
5988.055349,0.828163
5988.899138,0.843789
5989.696049,0.796911
5990.399206,0.703157
5991.149241,0.750034
5991.961778,0.812537
5992.805567,0.843789
5993.727484,0.921917
5994.680652,0.953169
5995.524441,0.843789
5996.383855,0.859414
5997.165141,0.781286
5997.946427,0.781286
5998.712087,0.76566
5999.493373,0.781286
6000.30591,0.812537
6001.165324,0.859414
6001.993487,0.828163
6002.837276,0.843789
6003.681064,0.843789
6004.431099,0.750034
6005.149882,0.718783
6005.853039,0.703157
6006.54057,0.687531
6007.384359,0.843789
6012.243956,0.890666
6013.150248,0.906291
6014.056539,0.906291
6014.978456,0.921917
6015.900374,0.921917
6016.837917,0.937543
6017.603577,0.76566
6018.369237,0.76566
6019.134897,0.76566
6019.96306,0.828163
6020.931854,0.968794
6021.869397,0.937543
6022.744437,0.87504
6023.510097,0.76566
6024.385137,0.87504
6025.072669,0.687531
6025.86958,0.796911
6033.276169,0.890666
6034.166835,0.890666
6034.948121,0.781286
6035.854412,0.906291
6036.557569,0.703157
6040.38587,0.828163
6041.214032,0.828163
6042.057821,0.843789
6043.01099,0.953169
6043.948533,0.937543
6044.932953,0.98442
6045.667361,0.734409
6046.761161,1.0938
6050.323824,0.812537
6051.308244,0.98442
6052.19891,0.890666
6053.089576,0.890666
6053.823985,0.734409
6054.730276,0.906291
6055.433433,0.703157
6061.902479,0.671906
6062.668139,0.76566
6063.465051,0.796911
6064.30884,0.843789
6065.137002,0.828163
6065.94954,0.812537
6066.730825,0.781286
6067.512111,0.781286
6068.512157,1.000046
6069.434074,0.921917
6070.293489,0.859414
6070.98102,0.687531
6071.731054,0.750034
6072.574843,0.843789
6073.278,0.703157
6074.090537,0.812537
6080.090812,0.796911
6080.872098,0.781286
6081.825266,0.953169
6082.762809,0.937543
6083.731604,0.968794
6084.684772,0.953169
6085.575438,0.890666
6086.419227,0.843789
6087.24739,0.828163
6093.966447,1.015671
6095.200879,1.234432
6099.857342,0.812537
6116.029957,1.20318
6169.954301,0.843789
6170.735586,0.781286
6177.595275,0.87504
6178.470315,0.87504
6179.470361,1.000046
6180.392278,0.921917
6181.157938,0.76566
6182.032979,0.87504
6182.970521,0.937543
6183.673679,0.703157
6184.423713,0.750034
6185.283127,0.859414
6186.267547,0.98442
6187.09571,0.828163
6187.783242,0.687531
6188.752036,0.968794
6200.002551,0.781286
6219.519069,1.125051
6282.178187,0.781286
6293.272445,0.734409
6293.991228,0.718783
6294.850642,0.859414
6295.803811,0.953169
6296.756979,0.953169
6297.647645,0.890666
6298.460182,0.812537
6299.210217,0.750034
6300.085257,0.87504
6352.853297,1.046923
6357.025363,1.015671
6357.900403,0.87504
6358.759818,0.859414
6359.462975,0.703157
6360.353641,0.890666
6361.041172,0.687531
6363.478784,0.5469
6368.19775,0.859414
6369.197796,1.000046
6414.94989,0.703157
6415.731176,0.781286
6416.559339,0.828163
6417.450004,0.890666
6418.496927,1.046923
6419.450096,0.953169
6479.202831,0.828163
6480.015368,0.812537
6480.874783,0.859414
6481.827951,0.953169
6482.843623,1.015671
6483.687412,0.843789
6484.390569,0.703157
6485.062474,0.671906
6537.518001,0.734409
6538.189907,0.671906
6538.861812,0.671906
6539.67435,0.812537
6540.393132,0.718783
6544.502696,0.718783
6545.36211,0.859414
6546.252776,0.890666
6547.00281,0.750034
6547.799721,0.796911
6548.612259,0.812537
6549.596679,0.98442
6550.487345,0.890666
6564.378606,0.796911
6565.191143,0.812537
6591.864239,0.796911
6592.66115,0.796911
6593.42681,0.76566
6594.286225,0.859414
6595.270645,0.98442
6596.192562,0.921917
6597.03635,0.843789
6597.786385,0.750034
6598.583296,0.796911
6599.411459,0.828163
6600.442756,1.031297
6601.349048,0.906291
6602.239714,0.890666
6602.989748,0.750034
6603.942917,0.953169
6604.88046,0.937543
6605.64612,0.76566
6606.443031,0.796911
6607.224317,0.781286
6608.177485,0.953169
6609.099403,0.921917
6610.099448,1.000046
6610.880734,0.781286
6611.740149,0.859414
6612.708943,0.968794
6613.646486,0.937543
6617.34978,0.859414
6618.349826,1.000046
6619.256118,0.906291
6620.021778,0.76566
6624.912627,0.859414
6625.631409,0.718783
6637.803842,1.734454
6670.305329,0.828163
6671.070989,0.76566
6671.836649,0.76566
6672.774192,0.937543
6673.69611,0.921917
6674.493021,0.796911
6675.22743,0.734409
6676.133721,0.906291
6677.055638,0.921917
6677.790047,0.734409
6678.555707,0.76566
6679.305741,0.750034
6680.25891,0.953169
6681.274581,1.015671
6728.43299,0.750034
6729.229902,0.796911
6729.995562,0.76566
6730.683093,0.687531
6731.526882,0.843789
6732.292542,0.76566
6733.151956,0.859414
6734.120751,0.968794
6734.917662,0.796911
6735.667696,0.750034
6736.527111,0.859414
6789.451408,0.890666
6790.451454,1.000046
6791.279617,0.828163
6792.123405,0.843789
6792.904691,0.781286
6793.764105,0.859414
6794.654771,0.890666
6795.482934,0.828163
6796.26422,0.781286
6797.061131,0.796911
6797.920546,0.859414
6798.764334,0.843789
6799.561246,0.796911
6800.248777,0.687531
6801.061314,0.812537
6801.748846,0.687531
6802.420752,0.671906
6803.15516,0.734409
6803.936446,0.781286
6804.608352,0.671906
6805.34276,0.734409
6806.061543,0.718783
6806.889706,0.828163
6825.421804,0.843789
6826.20309,0.781286
6827.156259,0.953169
6853.469963,0.76566
6854.266875,0.796911
6855.141915,0.87504
6855.876323,0.734409
6856.735738,0.859414
6857.407644,0.671906
6911.691378,0.98442
6912.613296,0.921917
6916.550976,0.65628
6971.240979,0.953169
7033.462577,0.65628
7034.353243,0.890666
7035.197032,0.843789
7036.212703,1.015671
7088.621352,0.843789
7089.512018,0.890666
7090.402684,0.890666
7096.527964,0.890666
7104.997102,0.750034
7105.778388,0.781286
7106.731556,0.953169
7107.684725,0.953169
7108.591016,0.906291
7109.497308,0.906291
7110.216091,0.718783
7111.091131,0.87504
7111.966171,0.87504
7117.325791,0.953169
7118.27896,0.953169
7119.013368,0.734409
7119.794654,0.781286
7120.544688,0.750034
7121.419729,0.87504
7122.185389,0.76566
7122.888546,0.703157
7123.701083,0.812537
7124.623,0.921917
7125.560543,0.937543
7126.466835,0.906291
7127.201243,0.734409
7127.966903,0.76566
7128.826318,0.859414
7129.857615,1.031297
7130.701403,0.843789
7131.388935,0.687531
7135.967269,0.609403
7136.732929,0.76566
7137.561092,0.828163
7143.248853,0.828163
7143.983261,0.734409
7148.65535,0.750034
7149.467887,0.812537
7150.217922,0.750034
7151.092962,0.87504
7151.858622,0.76566
7172.390812,1.062549
7173.2346,0.843789
7174.047137,0.812537
7174.844049,0.796911
7175.812843,0.968794
7176.875392,1.062549
7177.906689,1.031297
7178.734852,0.828163
7185.157021,0.843789
7186.032061,0.87504
7212.189508,0.828163
7213.048923,0.859414
7214.095846,1.046923
7266.113852,1.062549
7266.863886,0.750034
7267.785804,0.921917
7285.30223,0.859414
7286.161645,0.859414
7287.177316,1.015671
7310.397129,0.890666
7330.648056,0.828163
7331.444968,0.796911
7332.148125,0.703157
7332.898159,0.750034
7333.601316,0.703157
7334.382602,0.781286
7335.242016,0.859414
7335.992051,0.750034
7336.632705,0.640654
7337.429616,0.796911
7338.054645,0.625029
7338.632797,0.578151
7365.915296,0.812537
7366.55595,0.640654
7373.150002,0.703157
7373.962539,0.812537
7389.27574,0.968794
7390.182031,0.906291
7395.18226,0.843789
7396.0573,0.87504
7399.713718,0.859414
7400.573132,0.859414
7401.354418,0.781286
7419.183359,1.046923
7457.310104,0.734409
7458.013262,0.703157
7458.872676,0.859414
7459.653962,0.781286
7460.591505,0.937543
7461.48217,0.890666
7496.64003,0.921917
7497.561947,0.921917
7501.827767,0.953169
7502.593427,0.76566
7503.53097,0.937543
7507.703036,0.906291
7508.749959,1.046923
7509.76563,1.015671
7510.562542,0.796911
7511.531336,0.968794
7514.625228,0.531274
7518.891048,0.750034
7537.407521,1.218806
7577.487481,0.87504
7578.206264,0.718783
7691.320817,1.000046
7692.148979,0.828163
7693.024019,0.87504
7696.727314,0.828163
7697.72736,1.000046
7698.696154,0.968794
7699.633697,0.937543
7700.618117,0.98442
7701.540034,0.921917
7702.32132,0.781286
7703.040103,0.718783
7703.790137,0.750034
7704.540172,0.750034
7705.290206,0.750034
7706.243375,0.953169
7707.212169,0.968794
7708.134086,0.921917
7709.134132,1.000046
7715.540675,0.703157
7725.963027,0.953169
7742.870051,1.062549
7777.981033,0.843789
7800.09142,0.796911
7801.091466,1.000046
7802.029009,0.937543
7802.966552,0.937543
7804.075978,1.109426
7829.342759,0.937543
7830.092793,0.750034
7835.718051,0.906291
7836.577465,0.859414
7837.499382,0.921917
7838.405674,0.906291
7842.327729,0.640654
7843.109014,0.781286
7844.015306,0.906291
7844.749714,0.734409
7845.515374,0.76566
7846.29666,0.781286
7847.109197,0.812537
7847.874857,0.76566
7848.609266,0.734409
7849.421803,0.812537
7960.255001,1.078174
7964.130179,0.796911
7999.209909,0.796911
8031.867655,1.109426
8032.773946,0.906291
8033.773992,1.000046
8034.820915,1.046923
8073.05704,0.906291
8074.04146,0.98442
8077.244732,0.578151
8077.869761,0.625029
8078.541666,0.671906
8102.261502,0.609403
8115.449606,0.968794
8149.748051,0.750034
8198.094014,0.76566
8198.922177,0.828163
8209.063266,0.65628
8209.891429,0.828163
8210.703966,0.812537
8211.641509,0.937543
8212.485298,0.843789
8213.344712,0.859414
8214.047869,0.703157
8214.797904,0.750034
8220.82943,0.796911
8221.688844,0.859414
8222.517007,0.828163
8223.329544,0.812537
8224.079578,0.750034
8224.813987,0.734409
8225.517144,0.703157
8226.282804,0.76566
8227.079716,0.796911
8227.93913,0.859414
8228.642287,0.703157
8229.329819,0.687531
8230.001724,0.671906
8230.814262,0.812537
8241.549128,0.828163
8242.34604,0.796911
8243.299208,0.953169
8244.377383,1.078174
8245.51806,1.140677
8246.564983,1.046923
8247.565028,1.000046
8248.440068,0.87504
8249.502617,1.062549
8250.502663,1.000046
8254.518472,0.796911
8259.456198,0.87504
8262.956358,0.843789
8263.706392,0.750034
8264.425175,0.718783
8269.159767,0.87504
8278.207056,0.87504
8296.629774,0.843789
8297.457937,0.828163
8298.207972,0.750034
8298.973632,0.76566
8299.786169,0.812537
8300.567455,0.781286
8301.34874,0.781286